source,year,fatalities,injured,total_victims,incident_area,open_close,age,gender,race,mental_health,multiple_shooters,risk_rule,risk_std,risk_quartile
kaggle,2017,26,20,46,Religious,Close,26.0,M,White,No,0,VeryHigh,VeryHigh,VeryHigh
kaggle,2017,3,0,3,Commercial,Open,47.0,M,White,No,0,Low,Medium,Low
kaggle,2017,3,3,6,Commercial,Close,37.0,M,Black,No,0,Low,Medium,Medium
kaggle,2017,3,2,5,Workplace,Close,38.0,M,Asian,Yes,0,Low,Medium,Medium
kaggle,2017,3,0,3,Commercial,Close,24.0,M,White,Unclear,0,Low,Medium,Low
kaggle,2017,5,0,5,Workplace,Close,45.0,M,Unknown,Unclear,0,Low,Medium,Medium
kaggle,2017,4,0,4,Workplace,Close,43.0,M,White,Yes,0,Low,Medium,Low
kaggle,2017,3,0,3,Public_Open,Open,39.0,M,Black,Unclear,0,Low,Medium,Low
kaggle,2017,5,6,11,Workplace,Close,26.0,M,Latino,Yes,0,Medium,Medium,VeryHigh
kaggle,2016,5,0,5,Commercial,Close,20.0,M,Unknown,Yes,0,Low,Medium,Medium
kaggle,2016,6,3,9,Public_Open,Open,32.102409638554214,M,Black,Yes,0,Low,Medium,High
kaggle,2016,10,11,21,Public_Open,Open,25.0,M,Black,Unclear,0,High,High,VeryHigh
kaggle,2016,0,4,4,Public_Open,Open,32.102409638554214,U,Unknown,Unknown,0,Low,Medium,Low
kaggle,2016,1,4,5,Public_Open,Open,32.102409638554214,U,Unknown,Unknown,0,Low,Medium,Medium
kaggle,2016,0,6,6,Public_Open,Open,32.102409638554214,M,Black,Unknown,0,Low,Medium,Medium
kaggle,2016,0,4,4,Public_Open,Open,32.102409638554214,M,Black,Unknown,0,Low,Medium,Low
kaggle,2016,1,4,5,Public_Open,Open,32.102409638554214,U,Unknown,Unknown,0,Low,Medium,Medium
kaggle,2016,4,0,4,Home,Close,32.102409638554214,M,Unknown,Unknown,0,Low,Medium,Low
kaggle,2016,1,4,5,Public_Open,Open,32.102409638554214,M,Unknown,Yes,0,Low,Medium,Medium
kaggle,2016,0,3,3,Public_Open,Open,32.102409638554214,U,Unknown,Unknown,0,Low,Medium,Low
kaggle,2016,0,4,4,Public_Open,Close,32.102409638554214,M,Unknown,Unknown,0,Low,Medium,Low
kaggle,2016,0,4,4,Commercial,Open,32.102409638554214,U,Unknown,Unknown,0,Low,Medium,Low
kaggle,2016,0,5,5,Other,Open,32.102409638554214,U,Unknown,Unknown,0,Low,Medium,Medium
kaggle,2016,3,1,4,Commercial,Close,32.102409638554214,M,Unknown,Unknown,0,Low,Medium,Low
kaggle,2016,2,2,4,Public_Open,Open,32.102409638554214,M,Black,Unknown,0,Low,Medium,Low
kaggle,2016,3,0,3,Home,Close,32.102409638554214,M,Black,Unknown,0,Low,Medium,Low
kaggle,2016,2,2,4,Home,Close,32.102409638554214,M,Unknown,Unknown,0,Low,Medium,Low
kaggle,2016,2,2,4,Home,Close,32.102409638554214,M,Unknown,Yes,0,Low,Medium,Low
kaggle,2016,4,0,4,Home,Unknown,32.102409638554214,M,Unknown,Unknown,0,Low,Medium,Low
kaggle,2016,4,0,4,Home,Close,32.102409638554214,M,Unknown,Yes,0,Low,Medium,Low
kaggle,2016,1,4,5,Home,Close,32.102409638554214,U,Unknown,Unknown,0,Low,Medium,Medium
kaggle,2016,2,2,4,Public_Open,Open,32.102409638554214,M,Black,Unknown,0,Low,Medium,Low
kaggle,2016,0,4,4,Other,Open,32.102409638554214,U,Unknown,Unknown,0,Low,Medium,Low
kaggle,2016,0,4,4,Public_Open,Close,32.102409638554214,U,Unknown,Unknown,0,Low,Medium,Low
kaggle,2016,2,2,4,Home,Open,32.102409638554214,M,Unknown,Unknown,0,Low,Medium,Low
kaggle,2016,0,5,5,Public_Open,Open,32.102409638554214,U,Unknown,Unknown,0,Low,Medium,Medium
kaggle,2016,2,2,4,Public_Open,Open,32.102409638554214,U,Unknown,Unknown,0,Low,Medium,Low
kaggle,2016,6,3,9,Home,Open,32.102409638554214,M,Unknown,Unknown,0,Low,Medium,High
kaggle,2016,5,3,8,Home,Open,32.102409638554214,M,Unknown,Unknown,0,Low,Medium,High
kaggle,2016,5,0,5,Home,Close,32.102409638554214,M,Unknown,Unknown,0,Low,Medium,Medium
kaggle,2016,0,4,4,Public_Open,Open,32.102409638554214,U,Unknown,Unknown,0,Low,Medium,Low
kaggle,2016,4,0,4,Home,Close,32.102409638554214,M,Unknown,Unknown,0,Low,Medium,Low
kaggle,2016,1,6,7,Public_Open,Close,32.102409638554214,M,Unknown,Unknown,0,Low,Medium,High
kaggle,2016,0,4,4,Public_Open,Open,32.102409638554214,M,Black,Unknown,0,Low,Medium,Low
kaggle,2016,0,4,4,Other,Open,32.102409638554214,U,Unknown,Unknown,0,Low,Medium,Low
kaggle,2016,0,5,5,Other,Open,32.102409638554214,M,Black,Unknown,0,Low,Medium,Medium
kaggle,2016,1,3,4,Commercial,Open,32.102409638554214,M,Unknown,Unknown,0,Low,Medium,Low
kaggle,2016,5,2,7,Home,Open,32.102409638554214,M,Black,Unknown,0,Low,Medium,High
kaggle,2016,5,0,5,Home,Close,32.102409638554214,M,Unknown,Unknown,0,Low,Medium,Medium
kaggle,2016,3,14,17,Workplace,Close,32.102409638554214,M,Black,Unclear,0,Medium,Medium,VeryHigh
kaggle,2016,4,14,18,Workplace,Open,32.102409638554214,M,Black,Unknown,0,Medium,Medium,VeryHigh
kaggle,2016,5,0,5,Home,Close,32.102409638554214,M,Unknown,Unknown,0,Low,Medium,Medium
kaggle,2016,5,0,5,Home,Close,32.102409638554214,M,Unknown,Unknown,0,Low,Medium,Medium
kaggle,2016,1,3,4,Public_Open,Open,32.102409638554214,M,Black,Unknown,0,Low,Medium,Low
kaggle,2016,0,5,5,Public_Open,Open,32.102409638554214,U,Unknown,Unknown,0,Low,Medium,Medium
kaggle,2016,6,2,8,Commercial,Open,32.102409638554214,M,White,Unclear,0,Low,Medium,High
kaggle,2016,3,3,6,Home,Open,32.102409638554214,M,Unknown,Unknown,0,Low,Medium,Medium
kaggle,2016,1,3,4,Public_Open,Open,32.102409638554214,U,Unknown,Unknown,0,Low,Medium,Low
kaggle,2016,6,2,8,Public_Open,Open,32.102409638554214,M,Unknown,No,0,Low,Medium,High
kaggle,2016,2,2,4,Public_Open,Open,32.102409638554214,U,Unknown,Unknown,0,Low,Medium,Low
kaggle,2016,0,3,3,Commercial,Open,32.102409638554214,M,Black,Unknown,0,Low,Medium,Low
kaggle,2016,2,10,12,Other,Close,32.102409638554214,M,Unknown,Unknown,0,Medium,Medium,VeryHigh
kaggle,2016,1,7,8,Other,Close,32.102409638554214,U,Unknown,Unknown,0,Low,Medium,High
kaggle,2016,2,6,8,Other,Close,32.102409638554214,U,Unknown,Unknown,0,Low,Medium,High
kaggle,2016,1,3,4,Public_Open,Open,32.102409638554214,U,Unknown,Unknown,0,Low,Medium,Low
kaggle,2016,4,0,4,Home,Close,32.102409638554214,M,Unknown,Unknown,0,Low,Medium,Low
kaggle,2016,0,3,3,Commercial,Open,32.102409638554214,M,Black,Unknown,0,Low,Medium,Low
kaggle,2016,3,5,8,Home,Close,32.102409638554214,M,Unknown,Unknown,0,Low,Medium,High
kaggle,2016,2,2,4,Home,Close,42.0,M,Unknown,Unknown,0,Low,Medium,Low
kaggle,2016,6,0,6,Home,Close,32.102409638554214,M,Unknown,Yes,0,Low,Medium,Medium
kaggle,2016,1,4,5,Commercial,Close,32.102409638554214,M,Unknown,Unknown,0,Low,Medium,Medium
kaggle,2016,3,0,3,Other,Unknown,32.102409638554214,M,Unknown,Unknown,0,Low,Medium,Low
kaggle,2016,2,2,4,Commercial,Open,32.102409638554214,U,Unknown,Unknown,0,Low,Medium,Low
kaggle,2016,1,3,4,Home,Close,32.102409638554214,M,Black,Unknown,0,Low,Medium,Low
kaggle,2016,1,4,5,Home,Close,32.102409638554214,M,Black,Unknown,0,Low,Medium,Medium
kaggle,2016,1,3,4,Public_Open,Open,32.102409638554214,U,Unknown,Unknown,0,Low,Medium,Low
kaggle,2016,3,1,4,Home,Close,32.102409638554214,M,Black,Unknown,0,Low,Medium,Low
kaggle,2015,2,3,5,Home,Close,32.102409638554214,M,Black,Unknown,0,Low,Medium,Medium
kaggle,2015,16,21,37,Public_Open,Close,32.102409638554214,MF,Unknown,Unknown,0,High,VeryHigh,VeryHigh
kaggle,2015,4,9,13,Workplace,Close,57.0,M,White,Unclear,0,Medium,Medium,VeryHigh
kaggle,2015,4,1,5,Home,Close,32.102409638554214,M,Unknown,Unknown,0,Low,Medium,Medium
kaggle,2015,0,5,5,Public_Open,Open,32.102409638554214,M,Unknown,Unknown,0,Low,Medium,Medium
kaggle,2015,6,0,6,Public_Open,Open,32.102409638554214,M,Unknown,Unknown,0,Low,Medium,Medium
kaggle,2015,4,1,5,Home,Close,32.102409638554214,M,Black,Unknown,0,Low,Medium,Medium
kaggle,2015,1,2,3,Home,Close,32.102409638554214,M,Black,Yes,0,Low,Medium,Low
kaggle,2015,4,0,4,Home,Close,32.102409638554214,M,Unknown,Unknown,0,Low,Medium,Low
kaggle,2015,4,0,4,Public_Open,Open,32.102409638554214,M,Unknown,Unknown,0,Low,Medium,Low
kaggle,2015,2,1,3,Home,Open/Close,32.102409638554214,M,Unknown,Unknown,0,Low,Medium,Low
kaggle,2015,1,3,4,School,Open,32.102409638554214,M,Unknown,Unknown,0,Low,Medium,Low
kaggle,2015,10,7,17,School,Close,32.102409638554214,M,Unknown,Unknown,0,Medium,Medium,VeryHigh
kaggle,2015,3,1,4,Public_Open,Open,57.0,M,Unknown,Unknown,0,Low,Medium,Low
kaggle,2015,0,10,10,Other,Close,32.102409638554214,M,Black,Unknown,0,VeryHigh,Medium,High
kaggle,2015,6,0,6,Home,Close,32.102409638554214,M,Unknown,Unknown,0,Low,Medium,Medium
kaggle,2015,5,0,5,Home,Close,32.102409638554214,M,Unknown,Yes,0,Low,Medium,Medium
kaggle,2015,3,1,4,Home,Close,32.102409638554214,M,Unknown,Unknown,0,Low,Medium,Low
kaggle,2015,3,1,4,Commercial,Open,32.102409638554214,M,Black,Unknown,0,Low,Medium,Low
kaggle,2015,3,4,7,Public_Open,Open,32.102409638554214,M,Black,Unknown,0,Low,Medium,High
kaggle,2015,8,0,8,Home,Close,32.102409638554214,M,Black,Unknown,0,Low,Medium,High
kaggle,2015,3,9,12,Commercial,Close,32.102409638554214,M,Unknown,Yes,0,Medium,Medium,VeryHigh
kaggle,2015,4,1,5,Home,Close,32.102409638554214,M,Unknown,Unknown,0,Low,Medium,Medium
kaggle,2015,5,3,8,Workplace,Open,32.102409638554214,M,Unknown,Yes,0,Low,Medium,High
kaggle,2015,2,3,5,Home,Open,32.102409638554214,M,Unknown,Unknown,0,Low,Medium,Medium
kaggle,2015,0,4,4,Other,Close,32.102409638554214,M,Unknown,Unknown,0,Low,Medium,Low
kaggle,2015,9,1,10,Religious,Close,21.0,M,White,Unknown,0,VeryHigh,Medium,High
kaggle,2015,0,4,4,Home,Close,32.102409638554214,M,Black,Unknown,0,Low,Medium,Low
kaggle,2015,3,1,4,Public_Open,Open,27.0,M,Latino,Yes,0,Low,Medium,Low
kaggle,2015,5,0,5,Home,Close,32.102409638554214,M,Unknown,Unknown,0,Low,Medium,Medium
kaggle,2015,3,1,4,Home,Close,32.102409638554214,M,Unknown,Unknown,0,Low,Medium,Low
kaggle,2015,3,2,5,Commercial,Close,32.102409638554214,M,Unknown,Unknown,0,Low,Medium,Medium
kaggle,2015,1,4,5,Other,Close,32.102409638554214,M,Black,Unknown,0,Low,Medium,Medium
kaggle,2015,5,0,5,Home,Close,32.102409638554214,M,Unknown,Yes,0,Low,Medium,Medium
kaggle,2015,1,3,4,Public_Open,Open,32.102409638554214,M,Black,Unknown,0,Low,Medium,Low
kaggle,2015,4,1,5,Public_Open,Open,32.102409638554214,M,Unknown,Yes,0,Low,Medium,Medium
kaggle,2015,2,3,5,Public_Open,Open,32.102409638554214,M,Unknown,No,0,Low,Medium,Medium
kaggle,2015,1,6,7,Commercial,Close,32.102409638554214,M,Black,Unknown,0,Low,Medium,High
kaggle,2015,2,3,5,Home,Close,32.102409638554214,M,Black,Unknown,0,Low,Medium,Medium
kaggle,2015,5,0,5,Home,Close,32.102409638554214,M,Unknown,Unknown,0,Low,Medium,Medium
kaggle,2015,1,3,4,Public_Open,Open,32.102409638554214,M,Black,No,0,Low,Medium,Low
kaggle,2015,0,5,5,Home,Close,32.102409638554214,M,Unknown,No,0,Low,Medium,Medium
kaggle,2015,0,4,4,Home,Close,32.102409638554214,M,Black,No,0,Low,Medium,Low
kaggle,2015,4,0,4,Home,Close,32.102409638554214,M,Unknown,Unknown,0,Low,Medium,Low
kaggle,2015,0,7,7,Home,Close,32.102409638554214,M,Black,No,0,Low,Medium,High
kaggle,2015,3,2,5,Home,Close,32.102409638554214,M,Unknown,Unknown,0,Low,Medium,Medium
kaggle,2015,1,5,6,Public_Open,Open,32.102409638554214,M,Unknown,No,0,Low,Medium,Medium
kaggle,2015,3,1,4,Home,Close,32.102409638554214,M,Unknown,No,0,Low,Medium,Low
kaggle,2015,2,3,5,Home,Close,32.102409638554214,M,Black,Unknown,0,Low,Medium,Medium
kaggle,2015,4,0,4,Commercial,Open/Close,32.102409638554214,M,Black,Yes,0,Low,Medium,Low
kaggle,2015,1,2,3,Public_Open,Open,32.102409638554214,M,Black,No,0,Low,Medium,Low
kaggle,2015,8,1,9,Home,Close,32.102409638554214,M,Unknown,No,0,Low,Medium,High
kaggle,2015,3,0,3,Home,Close,32.102409638554214,M,Unknown,No,0,Low,Medium,Low
kaggle,2015,3,2,5,Home,Close,32.102409638554214,M,Unknown,No,0,Low,Medium,Medium
kaggle,2015,4,1,5,Public_Open,Open/Close,32.102409638554214,M,Black,No,0,Low,Medium,Medium
kaggle,2015,3,0,3,Home,Close,32.102409638554214,M,Unknown,No,0,Low,Medium,Low
kaggle,2015,3,1,4,Home,Close,32.102409638554214,MF,Unknown,No,0,Low,Medium,Low
kaggle,2015,0,3,3,Commercial,Close,32.102409638554214,M,Black,No,0,Low,Medium,Low
kaggle,2015,5,2,7,Home,Close,32.102409638554214,M,Black,No,0,Low,Medium,High
kaggle,2015,4,0,4,Home,Close,32.102409638554214,M,Unknown,Unknown,0,Low,Medium,Low
kaggle,2015,0,6,6,Commercial,Close,32.102409638554214,M,Black,No,0,Low,Medium,Medium
kaggle,2015,5,0,5,Home,Close,32.102409638554214,M,Unknown,No,0,Low,Medium,Medium
kaggle,2015,4,1,5,Home,Close,32.102409638554214,M,Black,No,0,Low,Medium,Medium
kaggle,2015,3,5,8,Home,Open,32.102409638554214,M,Black,No,0,Low,Medium,High
kaggle,2015,3,1,4,Other,Close,32.102409638554214,M,Unknown,No,0,Low,Medium,Low
kaggle,2015,0,5,5,Public_Open,Open,32.102409638554214,M,Black,No,0,Low,Medium,Medium
kaggle,2014,7,1,8,Other,Close,32.102409638554214,M,Unknown,Yes,0,Low,Medium,High
kaggle,2014,5,0,5,Other,Close,32.102409638554214,M,Unknown,No,0,Low,Medium,Medium
kaggle,2014,1,3,4,School,Open,32.102409638554214,M,Black,Yes,0,Low,Medium,Low
kaggle,2014,5,1,6,School,Close,32.102409638554214,M,Unknown,No,0,Low,Medium,Medium
kaggle,2014,2,3,5,Commercial,Open,32.102409638554214,M,Unknown,No,0,Low,Medium,Medium
kaggle,2014,1,9,10,Public_Open,Open,32.102409638554214,M,Unknown,No,0,VeryHigh,Medium,High
kaggle,2014,7,0,7,Other,Close,32.102409638554214,MF,Unknown,No,0,Low,Medium,High
kaggle,2014,1,2,3,School,Close,32.102409638554214,M,Unknown,Yes,0,Low,Medium,Low
kaggle,2014,6,13,19,Public_Open,Open/Close,22.0,M,White,Yes,0,Medium,High,VeryHigh
kaggle,2014,1,6,7,Workplace,Close,19.0,M,Unknown,No,0,Low,Medium,High
kaggle,2014,7,16,23,Workplace,Open,34.0,M,Unknown,Yes,0,High,High,VeryHigh
kaggle,2014,0,8,8,Other,Open,32.102409638554214,M,Black,No,0,Low,Medium,High
kaggle,2014,4,2,6,Public_Open,Close,44.0,F,Unknown,No,0,Low,Medium,Medium
kaggle,2013,3,5,8,Public_Open,Close,32.102409638554214,M,Black,No,0,Low,Medium,High
kaggle,2013,2,3,5,Workplace,Open,23.0,M,Unknown,No,0,Low,Medium,Medium
kaggle,2013,2,2,4,School,Close,12.0,M,Unknown,Unknown,0,Low,Medium,Low
kaggle,2013,13,3,16,Workplace,Close,34.0,M,Black,Yes,0,Medium,Medium,VeryHigh
kaggle,2013,4,0,4,Home,Close,40.0,M,Unknown,Yes,0,Low,Medium,Low
kaggle,2013,4,4,8,Home,Close,44.0,M,Black,Unknown,0,Low,Medium,High
kaggle,2013,3,3,6,Public_Open,Close,59.0,M,Unknown,No,0,Low,Medium,Medium
kaggle,2013,7,0,7,Home,Close,42.0,M,Latino,Unclear,0,Low,Medium,High
kaggle,2013,6,3,9,Other,Open/Close,23.0,M,Unknown,Yes,0,Low,Medium,High
kaggle,2013,7,1,8,Other,Close,43.0,M,Unknown,Unknown,0,Low,Medium,High
kaggle,2013,5,0,5,Home,Open/Close,27.0,M,Black,Unknown,0,Low,Medium,Medium
kaggle,2013,5,2,7,Other,Open/Close,64.0,M,Unknown,No,0,Low,Medium,High
kaggle,2013,4,3,7,Other,Open/Close,20.0,M,Unknown,Yes,0,Low,Medium,High
kaggle,2013,5,2,7,Public_Open,Open/Close,33.0,M,Black,Yes,0,Low,Medium,High
kaggle,2013,3,1,4,Workplace,Open,70.0,M,Unknown,Unknown,0,Low,Medium,Low
kaggle,2013,5,0,5,Home,Close,15.0,M,Unknown,Yes,0,Low,Medium,Medium
kaggle,2012,28,2,30,Home,Open/Close,20.0,M,Unknown,Yes,0,High,VeryHigh,VeryHigh
kaggle,2012,3,1,4,Commercial,Close,22.0,M,Unknown,No,0,Low,Medium,Low
kaggle,2012,4,4,8,Commercial,Close,45.0,M,Black,No,0,Low,Medium,High
kaggle,2012,0,15,15,Other,Close,32.102409638554214,M,Black,Unknown,0,Medium,Medium,VeryHigh
kaggle,2012,7,2,9,Workplace,Close,36.0,M,Unknown,Yes,0,Low,Medium,High
kaggle,2012,7,4,11,Religious,Close,40.0,M,Unknown,No,0,Medium,Medium,VeryHigh
kaggle,2012,12,70,82,Commercial,Close,24.0,M,White,Yes,0,VeryHigh,VeryHigh,VeryHigh
kaggle,2012,3,3,6,Home,Close,22.0,M,Black,Unknown,0,Low,Medium,Medium
kaggle,2012,6,1,7,Commercial,Open/Close,40.0,M,Unknown,Yes,0,Low,Medium,High
kaggle,2012,6,1,7,Commercial,Open/Close,40.0,M,White,Yes,0,Low,Medium,High
kaggle,2012,3,2,5,Other,Unknown,32.102409638554214,M,Unknown,No,0,Low,Medium,Medium
kaggle,2012,7,3,10,School,Close,43.0,M,Asian,Yes,0,VeryHigh,Medium,High
kaggle,2012,3,3,6,School,Close,17.0,M,Unknown,Yes,0,Low,Medium,Medium
kaggle,2012,5,0,5,Commercial,Close,59.0,M,Asian,Yes,0,Low,Medium,Medium
kaggle,2012,5,0,5,Home,Close,32.102409638554214,M,Black,No,0,Low,Medium,Medium
kaggle,2011,8,1,9,Commercial,Open/Close,41.0,M,Unknown,Yes,0,Low,Medium,High
kaggle,2011,5,7,12,Commercial,Close,32.0,M,Latino,Yes,0,Medium,Medium,VeryHigh
kaggle,2011,8,2,10,Home,Open/Close,34.0,M,Black,Yes,0,VeryHigh,Medium,High
kaggle,2011,1,3,4,School,Open,34.0,M,Unknown,Yes,0,Low,Medium,Low
kaggle,2011,1,11,12,School,Close,32.102409638554214,M,Black,Unknown,0,Medium,Medium,VeryHigh
kaggle,2011,6,13,19,Public_Open,Open,22.0,M,White,Yes,0,Medium,High,VeryHigh
kaggle,2010,9,2,11,Workplace,Close,34.0,M,Black,No,0,Medium,Medium,VeryHigh
kaggle,2010,0,3,3,School,Close,44.0,F,Unknown,No,0,Low,Medium,Low
kaggle,2009,9,0,9,Commercial,Close,37.0,M,Black,Yes,0,Low,Medium,High
kaggle,2009,13,32,45,Workplace,Close,39.0,M,Unknown,Yes,0,VeryHigh,VeryHigh,VeryHigh
kaggle,2009,14,4,18,Workplace,Close,41.0,M,Asian,Yes,0,Medium,Medium,VeryHigh
kaggle,2009,6,1,7,Home,Close,42.0,M,Unknown,No,0,Low,Medium,High
kaggle,2009,8,2,10,Workplace,Close,45.0,M,Unknown,Yes,0,VeryHigh,Medium,High
kaggle,2009,11,6,17,Other,Open/Close,28.0,M,Unknown,No,0,Medium,Medium,VeryHigh
kaggle,2008,10,2,12,Home,Close,45.0,M,Unknown,No,0,Medium,Medium,VeryHigh
kaggle,2008,0,3,3,School,Close,24.0,M,Black,No,0,Low,Medium,Low
kaggle,2008,7,1,8,Workplace,Close,25.0,M,Unknown,No,0,Low,Medium,High
kaggle,2008,5,21,26,School,Close,27.0,M,White,Yes,0,High,High,VeryHigh
kaggle,2008,6,2,8,Workplace,Open/Close,52.0,M,Black,No,0,Low,Medium,High
kaggle,2007,6,0,6,Home,Close,29.0,MF,Unknown,No,0,Low,Medium,Medium
kaggle,2007,0,6,6,School,Open,18.0,M,Black,No,0,Low,Medium,Medium
kaggle,2007,5,5,10,Other,Close,24.0,M,Unknown,No,0,VeryHigh,Medium,High
kaggle,2007,9,4,13,Commercial,Close,19.0,M,White,Yes,0,Medium,Medium,VeryHigh
kaggle,2007,0,4,4,School,Open,15.0,M,Black,No,0,Low,Medium,Low
kaggle,2007,1,4,5,School,Close,14.0,M,Unknown,Yes,0,Low,Medium,Medium
kaggle,2007,6,1,7,Home,Close,20.0,M,White,Unclear,0,Low,Medium,High
kaggle,2007,32,23,55,School,Close,23.0,M,Asian,Yes,0,VeryHigh,VeryHigh,VeryHigh
kaggle,2007,0,10,10,School,Close,15.0,M,Unknown,No,0,VeryHigh,Medium,High
kaggle,2007,6,4,10,Public_Open,Open,18.0,M,Unknown,Unknown,0,VeryHigh,Medium,High
kaggle,2006,6,5,11,School,Close,32.0,M,White,No,0,Medium,Medium,VeryHigh
kaggle,2006,0,5,5,School,Open/Close,18.0,M,Black,Unknown,0,Low,Medium,Medium
kaggle,2006,1,2,3,School,Close,18.0,M,Unknown,Yes,0,Low,Medium,Low
kaggle,2006,2,2,4,School,Close,26.0,M,Black,Yes,0,Low,Medium,Low
kaggle,2006,7,2,9,Public_Open,Open/Close,28.0,M,White,No,0,Low,Medium,High
kaggle,2006,8,0,8,Workplace,Close,44.0,F,Unknown,Yes,0,Low,Medium,High
kaggle,2005,10,5,15,School,Close,16.0,M,Unknown,Yes,0,Medium,Medium,VeryHigh
kaggle,2005,8,4,12,Religious,Close,44.0,M,Unknown,No,0,Medium,Medium,VeryHigh
kaggle,2005,3,4,7,Workplace,Open,43.0,M,Unknown,Unknown,0,Low,Medium,High
kaggle,2004,5,7,12,Public_Open,Open/Close,25.0,M,Unknown,Yes,0,Medium,Medium,VeryHigh
kaggle,2004,6,2,8,Public_Open,Open,36.0,M,Unknown,No,0,Low,Medium,High
kaggle,2003,7,0,7,Workplace,Close,36.0,M,Unknown,No,0,Low,Medium,High
kaggle,2003,7,8,15,Workplace,Close,48.0,M,White,Yes,0,Medium,Medium,VeryHigh
kaggle,2003,1,2,3,School,Close,32.102409638554214,M,Unknown,No,0,Low,Medium,Low
kaggle,2002,4,0,4,School,Close,41.0,M,Unknown,No,0,Low,Medium,Low
kaggle,2002,3,3,6,School,Close,43.0,M,Black,No,0,Low,Medium,Medium
kaggle,2001,2,13,15,School,Close,15.0,M,Unknown,No,0,Medium,Medium,VeryHigh
kaggle,2001,6,4,10,Workplace,Close,66.0,M,Black,No,0,VeryHigh,Medium,High
kaggle,2000,7,0,7,Workplace,Close,42.0,M,White,Yes,0,Low,Medium,High
kaggle,1999,5,3,8,Workplace,Open/Close,36.0,M,Unknown,No,0,Low,Medium,High
kaggle,1999,0,4,4,School,Close,13.0,M,Unknown,No,0,Low,Medium,Low
kaggle,1999,7,0,7,Workplace,Close,40.0,M,Asian,Yes,0,Low,Medium,High
kaggle,1999,8,7,15,School,Close,47.0,M,Unknown,Yes,0,Medium,Medium,VeryHigh
kaggle,1999,10,12,22,Other,Close,44.0,M,Unknown,Yes,0,High,High,VeryHigh
kaggle,1999,0,6,6,School,Open/Close,15.0,M,Unknown,No,0,Low,Medium,Medium
kaggle,1999,15,24,39,School,Open/Close,32.102409638554214,M,Unknown,Yes,0,High,VeryHigh,VeryHigh
kaggle,1998,0,6,6,Workplace,Close,48.0,M,Black,No,0,Low,Medium,Medium
kaggle,1998,4,25,29,School,Close,15.0,M,Unknown,Yes,0,High,VeryHigh,VeryHigh
kaggle,1998,1,3,4,Public_Open,Close,14.0,M,Unknown,Yes,0,Low,Medium,Low
kaggle,1998,5,10,15,School,Close,32.102409638554214,M,White,No,0,Medium,Medium,VeryHigh
kaggle,1998,5,0,5,Workplace,Close,35.0,M,Unknown,Yes,0,Low,Medium,Medium
kaggle,1997,2,2,4,Workplace,Close,37.0,M,Black,No,0,Low,Medium,Low
kaggle,1997,6,2,8,Workplace,Close,41.0,M,Unknown,No,0,Low,Medium,High
kaggle,1997,3,5,8,School,Close,14.0,M,Unknown,Yes,0,Low,Medium,High
kaggle,1997,2,7,9,School,Close,16.0,M,Unknown,Yes,0,Low,Medium,High
kaggle,1997,5,3,8,Workplace,Unknown,43.0,M,Black,No,0,Low,Medium,High
kaggle,1997,2,2,4,School,Close,16.0,M,Unknown,Yes,0,Low,Medium,Low
kaggle,1996,3,0,3,School,Close,36.0,M,Unknown,No,0,Low,Medium,Low
kaggle,1996,6,1,7,Workplace,Close,41.0,M,Black,Yes,0,Low,Medium,High
kaggle,1996,3,1,4,School,Close,14.0,M,Unknown,Yes,0,Low,Medium,Low
kaggle,1995,2,1,3,School,Close,17.0,M,Unknown,Yes,0,Low,Medium,Low
kaggle,1995,6,0,6,Workplace,Close,32.102409638554214,M,Unknown,No,0,Low,Medium,Medium
kaggle,1995,4,1,5,Workplace,Close,29.0,M,Unknown,No,0,Low,Medium,Medium
kaggle,1995,2,2,4,School,Open,26.0,M,Unknown,Yes,0,Low,Medium,Low
kaggle,1994,2,5,7,Workplace,Close,32.102409638554214,M,Unknown,Yes,0,Low,Medium,High
kaggle,1994,1,3,4,School,Close,37.0,M,Unknown,Yes,0,Low,Medium,Low
kaggle,1994,5,23,28,Workplace,Close,20.0,M,Unknown,Yes,0,High,High,VeryHigh
kaggle,1994,4,0,4,Other,Close,17.0,M,Unknown,No,0,Low,Medium,Low
kaggle,1993,1,2,3,School,Close,39.0,M,Unknown,Yes,0,Low,Medium,Low
kaggle,1993,4,1,5,Commercial,Close,19.0,M,Black,Yes,0,Low,Medium,Medium
kaggle,1993,6,19,25,Other,Close,34.0,M,Black,No,0,High,High,VeryHigh
kaggle,1993,1,4,5,School,Close,29.0,M,Unknown,No,0,Low,Medium,Medium
kaggle,1993,4,8,12,Commercial,Close,22.0,M,Unknown,No,0,Medium,Medium,VeryHigh
kaggle,1993,1,3,4,School,Close,28.0,M,Unknown,No,0,Low,Medium,Low
kaggle,1993,9,6,15,Workplace,Close,55.0,M,Unknown,No,0,Medium,Medium,VeryHigh
kaggle,1993,2,2,4,Workplace,Close,45.0,M,Unknown,Unknown,0,Low,Medium,Low
kaggle,1993,1,5,6,Workplace,Open/Close,38.0,M,Unknown,Yes,0,Low,Medium,Medium
kaggle,1992,2,4,6,School,Close,18.0,M,Unknown,No,0,Low,Medium,Medium
kaggle,1992,5,0,5,Workplace,Close,50.0,M,Unknown,No,0,Low,Medium,Medium
kaggle,1992,0,6,6,School,Close,17.0,M,Unknown,Unknown,0,Low,Medium,Medium
kaggle,1992,4,10,14,School,Close,20.0,M,Unknown,Yes,0,Medium,Medium,VeryHigh
kaggle,1991,5,5,10,Workplace,Close,31.0,M,Unknown,Yes,0,VeryHigh,Medium,High
kaggle,1991,6,1,7,Workplace,Close,28.0,M,Unknown,No,0,Low,Medium,High
kaggle,1991,24,20,44,Commercial,Open,35.0,M,Unknown,Yes,0,VeryHigh,VeryHigh,VeryHigh
kaggle,1991,3,0,3,Workplace,Close,35.0,M,Black,Yes,0,Low,Medium,Low
kaggle,1991,9,0,9,Religious,Close,32.102409638554214,M,Unknown,No,0,Low,Medium,High
kaggle,1990,12,6,18,Other,Close,42.0,M,Black,No,0,Medium,Medium,VeryHigh
kaggle,1989,9,12,21,Workplace,Close,47.0,M,Unknown,Yes,0,High,High,VeryHigh
kaggle,1989,4,1,5,Workplace,Close,52.0,M,Unknown,No,0,Low,Medium,Medium
kaggle,1989,6,30,36,School,Close,24.0,M,Unknown,Yes,0,High,VeryHigh,VeryHigh
kaggle,1988,0,4,4,Workplace,Close,39.0,M,Unknown,Unknown,0,Low,Medium,Low
kaggle,1988,2,9,11,School,Close,19.0,M,Unknown,Yes,0,Medium,Medium,VeryHigh
kaggle,1988,6,2,8,Other,Open/Close,40.0,M,Black,No,0,Low,Medium,High
kaggle,1988,2,7,9,School,Close,30.0,F,Unknown,Yes,0,Low,Medium,High
kaggle,1988,7,4,11,Workplace,Open/Close,39.0,M,Unknown,Yes,0,Medium,Medium,VeryHigh
kaggle,1988,1,2,3,School,Close,32.102409638554214,M,Unknown,No,0,Low,Medium,Low
kaggle,1987,6,14,20,Other,Open,59.0,M,Unknown,Yes,0,Medium,High,VeryHigh
kaggle,1986,1,3,4,School,Close,14.0,M,Unknown,Yes,0,Low,Medium,Low
kaggle,1986,15,6,21,Workplace,Close,44.0,M,Unknown,Yes,0,High,High,VeryHigh
kaggle,1986,1,4,5,School,Close,29.0,M,Black,Yes,0,Low,Medium,Medium
kaggle,1985,2,1,3,Workplace,Close,30.0,M,Black,Yes,0,Low,Medium,Low
kaggle,1985,1,3,4,School,Close,14.0,M,Unknown,Yes,0,Low,Medium,Low
kaggle,1984,22,19,41,Commercial,Close,41.0,M,Unknown,Yes,0,VeryHigh,VeryHigh,VeryHigh
kaggle,1984,6,1,7,Commercial,Close,39.0,M,Unknown,Yes,0,Low,Medium,High
kaggle,1984,3,12,15,School,Open,28.0,M,Black,Yes,0,Medium,Medium,VeryHigh
kaggle,1983,1,3,4,Workplace,Close,55.0,M,Unknown,Yes,0,Low,Medium,Low
kaggle,1983,13,1,14,Commercial,Close,23.0,M,Unknown,Unknown,0,Medium,Medium,VeryHigh
kaggle,1982,9,3,12,Commercial,Close,51.0,M,Unknown,Yes,0,Medium,Medium,VeryHigh
kaggle,1982,1,2,3,School,Close,17.0,M,Unknown,Yes,0,Low,Medium,Low
kaggle,1979,2,5,7,Public_Open,Close,19.0,M,Black,Unknown,0,Low,Medium,High
kaggle,1979,2,9,11,School,Open,16.0,F,Unknown,Yes,0,Medium,Medium,VeryHigh
kaggle,1976,7,2,9,School,Close,37.0,M,Unknown,Yes,0,Low,Medium,High
kaggle,1976,1,7,8,School,Close,18.0,M,Unknown,Unknown,0,Low,Medium,High
kaggle,1974,3,7,10,School,Open/Close,17.0,M,Unknown,No,0,VeryHigh,Medium,High
kaggle,1974,1,3,4,School,Close,14.0,M,Unknown,Yes,0,Low,Medium,Low
kaggle,1972,14,13,27,Other,Close,23.0,M,Black,Yes,0,High,High,VeryHigh
kaggle,1971,2,4,6,Religious,Close,32.102409638554214,M,Unknown,Yes,0,Low,Medium,Medium
kaggle,1966,5,1,6,School,Close,18.0,M,Unknown,Yes,0,Low,Medium,Medium
kaggle,1966,17,32,49,School,Close,25.0,M,Unknown,Yes,0,VeryHigh,VeryHigh,VeryHigh
mother_jones,2026,3,13,16,Other,Unknown,53.0,M,Black,Yes,0,Medium,Medium,VeryHigh
mother_jones,2025,3,9,12,School,Unknown,48.0,M,White,Yes,0,Medium,Medium,VeryHigh
mother_jones,2025,4,8,12,Religious,Unknown,40.0,M,White,Yes,0,Medium,Medium,VeryHigh
mother_jones,2025,3,8,11,Other,Unknown,39.0,M,White,Yes,0,Medium,Medium,VeryHigh
mother_jones,2025,3,0,3,Other,Unknown,32.0,M,Unknown,Yes,0,Low,Medium,Low
mother_jones,2025,4,0,4,Workplace,Unknown,45.0,M,White,Yes,0,Low,Medium,Low
mother_jones,2025,4,1,5,Workplace,Unknown,27.0,M,Unknown,Yes,0,Low,Medium,Medium
mother_jones,2025,3,3,6,Workplace,Unknown,26.0,M,White,No,0,Low,Medium,Medium
mother_jones,2024,4,9,13,School,Unknown,14.0,M,White,Yes,0,Medium,Medium,VeryHigh
mother_jones,2024,4,10,14,Workplace,Unknown,44.0,M,White,Unknown,0,Medium,Medium,VeryHigh
mother_jones,2023,3,1,4,School,Unknown,67.0,M,White,Unknown,0,Low,Medium,Low
mother_jones,2023,18,13,31,Other,Unknown,40.0,M,White,Yes,0,High,VeryHigh,VeryHigh
mother_jones,2023,3,0,3,Workplace,Unknown,21.0,M,White,Yes,0,Low,Medium,Low
mother_jones,2023,3,6,9,Other,Unknown,59.0,M,White,Unknown,0,Low,Medium,High
mother_jones,2023,5,2,7,Other,Unknown,40.0,M,Black,Yes,0,Low,Medium,High
mother_jones,2023,3,6,9,Other,Unknown,18.0,M,White,Yes,0,Low,Medium,High
mother_jones,2023,8,7,15,Other,Unknown,33.0,M,Latino,Yes,0,Medium,Medium,VeryHigh
mother_jones,2023,5,8,13,Workplace,Unknown,25.0,M,White,Yes,0,Medium,Medium,VeryHigh
mother_jones,2023,6,6,12,School,Unknown,28.0,U,White,Unknown,0,Medium,Medium,VeryHigh
mother_jones,2023,3,5,8,School,Unknown,43.0,M,Black,Unknown,0,Low,Medium,High
mother_jones,2023,7,1,8,Workplace,Unknown,67.0,M,Asian,Unknown,0,Low,Medium,High
mother_jones,2023,11,10,21,Other,Unknown,72.0,M,Asian,Yes,0,High,High,VeryHigh
mother_jones,2022,6,6,12,Workplace,Unknown,31.0,M,Black,Unknown,0,Medium,Medium,VeryHigh
mother_jones,2022,5,25,30,Other,Unknown,22.0,M,White,Yes,0,High,VeryHigh,VeryHigh
mother_jones,2022,3,2,5,School,Unknown,22.0,M,Black,Unknown,0,Low,Medium,Medium
mother_jones,2022,5,2,7,Other,Unknown,15.0,M,White,Unknown,0,Low,Medium,High
mother_jones,2022,3,2,5,Workplace,Unknown,20.0,M,White,Unknown,0,Low,Medium,Medium
mother_jones,2022,7,46,53,Other,Unknown,21.0,M,White,Unknown,0,VeryHigh,VeryHigh,VeryHigh
mother_jones,2022,3,0,3,Religious,Unknown,70.0,M,White,Unknown,0,Low,Medium,Low
mother_jones,2022,3,1,4,Workplace,Unknown,23.0,M,Unknown,Unknown,0,Low,Medium,Low
mother_jones,2022,4,0,4,Workplace,Unknown,45.0,M,Black,Unknown,0,Low,Medium,Low
mother_jones,2022,21,17,38,School,Unknown,18.0,M,Latino,Yes,0,High,VeryHigh,VeryHigh
mother_jones,2022,10,3,13,Workplace,Unknown,18.0,M,White,Yes,0,Medium,Medium,VeryHigh
mother_jones,2022,4,0,4,Religious,Unknown,34.23225806451613,M,Unknown,Unknown,0,Low,Medium,Low
mother_jones,2021,4,7,11,School,Unknown,15.0,M,Unknown,Unknown,0,Medium,Medium,VeryHigh
mother_jones,2021,9,0,9,Workplace,Unknown,57.0,M,Unknown,Yes,0,Low,Medium,High
mother_jones,2021,8,7,15,Workplace,Unknown,19.0,M,White,Yes,0,Medium,Medium,VeryHigh
mother_jones,2021,4,1,5,Workplace,Unknown,44.0,M,Unknown,Unknown,0,Low,Medium,Medium
mother_jones,2021,10,0,10,Workplace,Unknown,21.0,M,Unknown,Yes,0,VeryHigh,Medium,High
mother_jones,2021,8,1,9,Workplace,Unknown,21.0,M,White,Unknown,0,Low,Medium,High
mother_jones,2020,4,0,4,Workplace,Unknown,31.0,M,Unknown,Unknown,0,Low,Medium,Low
mother_jones,2020,5,0,5,Workplace,Unknown,51.0,M,Black,Unknown,0,Low,Medium,Medium
mother_jones,2019,4,3,7,Other,Unknown,34.23225806451613,MF,Black,Unknown,0,Low,Medium,High
mother_jones,2019,3,8,11,Military,Unknown,21.0,M,Unknown,Unknown,0,Medium,Medium,VeryHigh
mother_jones,2019,7,25,32,Other,Unknown,36.0,M,White,Yes,0,High,VeryHigh,VeryHigh
mother_jones,2019,9,27,36,Other,Unknown,24.0,M,White,Unknown,0,High,VeryHigh,VeryHigh
mother_jones,2019,22,26,48,Workplace,Unknown,21.0,M,White,Unknown,0,VeryHigh,VeryHigh,VeryHigh
mother_jones,2019,3,12,15,Other,Unknown,19.0,M,Unknown,Unknown,0,Medium,Medium,VeryHigh
mother_jones,2019,12,4,16,Workplace,Unknown,40.0,M,Black,Unknown,0,Medium,Medium,VeryHigh
mother_jones,2019,5,6,11,Workplace,Unknown,45.0,M,Black,Yes,0,Medium,Medium,VeryHigh
mother_jones,2019,3,1,4,Other,Unknown,21.0,M,White,Unknown,0,Low,Medium,Low
mother_jones,2019,5,0,5,Workplace,Unknown,21.0,M,White,Yes,0,Low,Medium,Medium
mother_jones,2018,3,0,3,Workplace,Unknown,32.0,M,Latino,Unknown,0,Low,Medium,Low
mother_jones,2018,12,22,34,Other,Unknown,28.0,M,Unknown,Yes,0,High,VeryHigh,VeryHigh
mother_jones,2018,11,6,17,Religious,Unknown,46.0,M,White,Unknown,0,Medium,Medium,VeryHigh
mother_jones,2018,3,3,6,Workplace,Unknown,26.0,F,Black,Unknown,0,Low,Medium,Medium
mother_jones,2018,5,0,5,Workplace,Unknown,54.0,M,Latino,Unknown,0,Low,Medium,Medium
mother_jones,2018,3,2,5,Workplace,Unknown,29.0,M,Latino,Yes,0,Low,Medium,Medium
mother_jones,2018,5,2,7,Workplace,Unknown,38.0,M,White,Unknown,0,Low,Medium,High
mother_jones,2018,10,13,23,School,Unknown,17.0,M,White,Unknown,0,High,High,VeryHigh
mother_jones,2018,4,4,8,Other,Unknown,29.0,M,White,Yes,0,Low,Medium,High
mother_jones,2018,3,0,3,Workplace,Unknown,36.0,M,Asian,Yes,0,Low,Medium,Low
mother_jones,2018,17,17,34,School,Unknown,19.0,M,White,Yes,0,High,VeryHigh,VeryHigh
mother_jones,2018,4,1,5,Other,Unknown,28.0,M,White,Unknown,0,Low,Medium,Medium
mother_jones,2017,5,10,15,Other,Unknown,44.0,M,White,Unknown,0,Medium,Medium,VeryHigh
mother_jones,2017,26,20,46,Religious,Unknown,26.0,M,White,Yes,0,VeryHigh,VeryHigh,VeryHigh
mother_jones,2017,3,0,3,Other,Unknown,47.0,M,White,Unclear,0,Low,Medium,Low
mother_jones,2017,3,3,6,Workplace,Unknown,37.0,M,Black,Unclear,0,Low,Medium,Medium
mother_jones,2017,3,2,5,Workplace,Unknown,38.0,M,Asian,Yes,0,Low,Medium,Medium
mother_jones,2017,3,0,3,Workplace,Unknown,24.0,M,White,Unclear,0,Low,Medium,Low
mother_jones,2017,5,0,5,Workplace,Unknown,45.0,M,Unknown,Unclear,0,Low,Medium,Medium
mother_jones,2017,3,0,3,Workplace,Unknown,43.0,M,White,Yes,0,Low,Medium,Low
mother_jones,2017,3,0,3,Other,Unknown,39.0,M,Black,Unclear,0,Low,Medium,Low
mother_jones,2017,5,6,11,Public_Open,Unknown,26.0,M,Latino,Yes,0,Medium,Medium,VeryHigh
mother_jones,2016,5,0,5,Other,Unknown,20.0,M,Unknown,Yes,0,Low,Medium,Medium
mother_jones,2016,3,3,6,Other,Unknown,29.0,M,Black,Yes,0,Low,Medium,Medium
mother_jones,2016,5,11,16,Other,Unknown,25.0,M,Black,Unclear,0,Medium,Medium,VeryHigh
mother_jones,2016,3,14,17,Workplace,Unknown,38.0,M,Black,Unclear,0,Medium,Medium,VeryHigh
mother_jones,2016,6,2,8,Other,Unknown,45.0,M,White,Unclear,0,Low,Medium,High
mother_jones,2015,14,21,35,Workplace,Unknown,28.0,MF,Other,Unclear,0,High,VeryHigh,VeryHigh
mother_jones,2015,3,9,12,Workplace,Unknown,57.0,M,White,Unclear,0,Medium,Medium,VeryHigh
mother_jones,2015,3,0,3,Other,Unknown,33.0,M,White,Unclear,0,Low,Medium,Low
mother_jones,2015,9,9,18,School,Unknown,26.0,M,Other,Unclear,0,Medium,Medium,VeryHigh
mother_jones,2015,5,2,7,Military,Unknown,24.0,M,Other,Unclear,0,Low,Medium,High
mother_jones,2015,9,1,10,Religious,Unknown,21.0,M,White,Unclear,0,VeryHigh,Medium,High
mother_jones,2015,3,1,4,Other,Unknown,27.0,M,Latino,Yes,0,Low,Medium,Low
mother_jones,2014,5,1,6,School,Unknown,15.0,M,Other,Unclear,0,Low,Medium,Medium
mother_jones,2014,6,13,19,School,Unknown,22.0,M,White,Yes,0,Medium,High,VeryHigh
mother_jones,2014,3,12,15,Military,Unknown,34.0,M,Latino,Unclear,0,Medium,Medium,VeryHigh
mother_jones,2014,4,2,6,Other,Unknown,44.0,F,Other,Unknown,0,Low,Medium,Medium
mother_jones,2013,12,8,20,Military,Unknown,34.0,M,Black,Yes,0,Medium,High,VeryHigh
mother_jones,2013,7,0,7,Other,Unknown,42.0,M,Latino,Unclear,0,Low,Medium,High
mother_jones,2013,6,3,9,Other,Unknown,23.0,M,White,Yes,0,Low,Medium,High
mother_jones,2013,5,0,5,Other,Unknown,27.0,M,Black,No,0,Low,Medium,Medium
mother_jones,2013,5,2,7,Other,Unknown,64.0,M,White,No,0,Low,Medium,High
mother_jones,2012,27,2,29,School,Unknown,20.0,M,White,Yes,0,High,VeryHigh,VeryHigh
mother_jones,2012,7,1,8,Workplace,Unknown,36.0,M,White,Yes,0,Low,Medium,High
mother_jones,2012,7,3,10,Religious,Unknown,40.0,M,White,Yes,0,VeryHigh,Medium,High
mother_jones,2012,12,70,82,Other,Unknown,24.0,M,White,Yes,0,VeryHigh,VeryHigh,VeryHigh
mother_jones,2012,6,1,7,Other,Unknown,40.0,M,White,Yes,0,Low,Medium,High
mother_jones,2012,7,3,10,School,Unknown,43.0,M,Asian,Yes,0,VeryHigh,Medium,High
mother_jones,2012,5,0,5,Other,Unknown,59.0,M,Asian,Yes,0,Low,Medium,Medium
mother_jones,2011,8,1,9,Other,Unknown,42.0,M,White,Yes,0,Low,Medium,High
mother_jones,2011,5,7,12,Other,Unknown,32.0,M,Latino,Yes,0,Medium,Medium,VeryHigh
mother_jones,2011,6,13,19,Other,Unknown,22.0,M,White,Yes,0,Medium,High,VeryHigh
mother_jones,2010,9,2,11,Workplace,Unknown,34.0,M,Black,No,0,Medium,Medium,VeryHigh
mother_jones,2009,4,1,5,Other,Unknown,37.0,M,Black,Yes,0,Low,Medium,Medium
mother_jones,2009,13,31,44,Military,Unknown,39.0,M,Other,Unclear,0,VeryHigh,VeryHigh,VeryHigh
mother_jones,2009,14,4,18,Other,Unknown,41.0,M,Asian,Yes,0,Medium,Medium,VeryHigh
mother_jones,2009,8,3,11,Other,Unknown,45.0,M,White,Yes,0,Medium,Medium,VeryHigh
mother_jones,2008,6,1,7,Workplace,Unknown,25.0,M,White,No,0,Low,Medium,High
mother_jones,2008,5,21,26,School,Unknown,27.0,M,White,Yes,0,High,High,VeryHigh
mother_jones,2008,6,2,8,Other,Unknown,52.0,M,Black,No,0,Low,Medium,High
mother_jones,2007,9,4,13,Other,Unknown,19.0,M,White,Yes,0,Medium,Medium,VeryHigh
mother_jones,2007,6,1,7,Other,Unknown,20.0,M,White,Unclear,0,Low,Medium,High
mother_jones,2007,32,23,55,School,Unknown,23.0,M,Asian,Yes,0,VeryHigh,VeryHigh,VeryHigh
mother_jones,2007,6,4,10,Other,Unknown,18.0,M,White,Unclear,0,VeryHigh,Medium,High
mother_jones,2006,6,5,11,School,Unknown,32.0,M,White,No,0,Medium,Medium,VeryHigh
mother_jones,2006,7,2,9,Other,Unknown,28.0,M,White,No,0,Low,Medium,High
mother_jones,2006,8,0,8,Workplace,Unknown,44.0,F,White,Yes,0,Low,Medium,High
mother_jones,2005,10,5,15,School,Unknown,16.0,M,Other,Yes,0,Medium,Medium,VeryHigh
mother_jones,2005,7,4,11,Religious,Unknown,44.0,M,White,Yes,0,Medium,Medium,VeryHigh
mother_jones,2004,5,7,12,Other,Unknown,25.0,M,White,Yes,0,Medium,Medium,VeryHigh
mother_jones,2003,7,8,15,Workplace,Unknown,48.0,M,White,Yes,0,Medium,Medium,VeryHigh
mother_jones,2001,5,4,9,Workplace,Unknown,66.0,M,Black,No,0,Low,Medium,High
mother_jones,2000,7,0,7,Workplace,Unknown,42.0,M,White,Yes,0,Low,Medium,High
mother_jones,1999,5,3,8,Workplace,Unknown,36.0,M,Latino,Yes,0,Low,Medium,High
mother_jones,1999,7,0,7,Workplace,Unknown,40.0,M,Asian,Yes,0,Low,Medium,High
mother_jones,1999,8,7,15,Religious,Unknown,47.0,M,White,Yes,0,Medium,Medium,VeryHigh
mother_jones,1999,9,13,22,Workplace,Unknown,44.0,M,White,Yes,0,High,High,VeryHigh
mother_jones,1999,13,24,37,School,Unknown,17.0,M,White,Yes,0,High,VeryHigh,VeryHigh
mother_jones,1998,4,25,29,School,Unknown,15.0,M,White,Yes,0,High,VeryHigh,VeryHigh
mother_jones,1998,5,10,15,School,Unknown,11.0,M,White,No,0,Medium,Medium,VeryHigh
mother_jones,1998,5,1,6,Workplace,Unknown,35.0,M,White,Yes,0,Low,Medium,Medium
mother_jones,1997,5,2,7,Workplace,Unknown,41.0,M,Latino,No,0,Low,Medium,High
mother_jones,1997,4,3,7,Workplace,Unknown,43.0,M,Black,No,0,Low,Medium,High
mother_jones,1996,6,1,7,Workplace,Unknown,41.0,M,Black,Yes,0,Low,Medium,High
mother_jones,1995,6,0,6,Workplace,Unknown,28.0,M,Unknown,No,0,Low,Medium,Medium
mother_jones,1994,5,23,28,Military,Unknown,20.0,M,White,Yes,0,High,High,VeryHigh
mother_jones,1993,4,1,5,Workplace,Unknown,19.0,M,Black,Unclear,0,Low,Medium,Medium
mother_jones,1993,6,19,25,Other,Unknown,35.0,M,Black,Yes,0,High,High,VeryHigh
mother_jones,1993,4,8,12,Other,Unknown,22.0,M,White,No,0,Medium,Medium,VeryHigh
mother_jones,1993,9,6,15,Other,Unknown,55.0,M,White,No,0,Medium,Medium,VeryHigh
mother_jones,1992,5,0,5,Other,Unknown,50.0,M,White,Yes,0,Low,Medium,Medium
mother_jones,1992,4,10,14,School,Unknown,20.0,M,White,No,0,Medium,Medium,VeryHigh
mother_jones,1991,5,5,10,Workplace,Unknown,31.0,M,White,Yes,0,VeryHigh,Medium,High
mother_jones,1991,6,1,7,School,Unknown,28.0,M,Asian,Unclear,0,Low,Medium,High
mother_jones,1991,24,20,44,Other,Unknown,35.0,M,White,No,0,VeryHigh,VeryHigh,VeryHigh
mother_jones,1990,10,4,14,Other,Unknown,42.0,M,Black,No,0,Medium,Medium,VeryHigh
mother_jones,1989,9,12,21,Workplace,Unknown,47.0,M,White,Yes,0,High,High,VeryHigh
mother_jones,1989,6,29,35,School,Unknown,26.0,M,White,Yes,0,High,VeryHigh,VeryHigh
mother_jones,1988,7,4,11,Workplace,Unknown,39.0,M,White,Yes,0,Medium,Medium,VeryHigh
mother_jones,1987,6,14,20,Other,Unknown,59.0,M,White,Yes,0,Medium,High,VeryHigh
mother_jones,1986,15,6,21,Workplace,Unknown,44.0,M,White,Unclear,0,High,High,VeryHigh
mother_jones,1984,22,19,41,Other,Unknown,41.0,M,White,Yes,0,VeryHigh,VeryHigh,VeryHigh
mother_jones,1984,6,1,7,Other,Unknown,39.0,M,White,Yes,0,Low,Medium,High
mother_jones,1982,8,3,11,Other,Unknown,51.0,M,White,Yes,0,Medium,Medium,VeryHigh
stanford_msa,1966,16,32,48,Other,Unknown,25.0,M,Unknown,Yes,0,VeryHigh,VeryHigh,VeryHigh
stanford_msa,1966,5,1,6,Other,Unknown,18.0,M,Unknown,Yes,0,Low,Medium,Medium
stanford_msa,1972,10,13,22,Other,Unknown,23.0,M,Black,Yes,0,High,High,VeryHigh
stanford_msa,1974,1,3,4,School,Unknown,14.0,M,Unknown,Yes,0,Low,Medium,Low
stanford_msa,1974,3,7,10,School,Unknown,17.0,M,Unknown,No,0,VeryHigh,Medium,High
stanford_msa,1976,1,6,8,Other,Unknown,18.0,M,Unknown,Unknown,0,Low,Medium,High
stanford_msa,1976,7,2,9,Other,Unknown,37.0,M,Unknown,Yes,0,Low,Medium,High
stanford_msa,1979,2,9,11,School,Unknown,16.0,F,Unknown,Yes,0,Medium,Medium,VeryHigh
stanford_msa,1979,2,5,7,Other,Unknown,19.0,M,Black,Unknown,0,Low,Medium,High
stanford_msa,1982,1,2,3,School,Unknown,17.0,M,Unknown,Yes,0,Low,Medium,Low
stanford_msa,1982,9,3,11,Other,Unknown,51.0,M,Unknown,Yes,0,Medium,Medium,VeryHigh
stanford_msa,1983,13,1,14,Other,Unknown,23.0,M,Unknown,Unknown,1,Medium,Medium,VeryHigh
stanford_msa,1983,1,3,4,Other,Unknown,55.0,M,Unknown,Yes,0,Low,Medium,Low
stanford_msa,1984,3,12,14,School,Unknown,28.0,M,Black,Yes,0,Medium,Medium,VeryHigh
stanford_msa,1984,6,1,7,Other,Unknown,39.0,M,Unknown,Yes,0,Low,Medium,High
stanford_msa,1984,22,19,40,Commercial,Unknown,41.0,M,Unknown,Yes,0,High,VeryHigh,VeryHigh
stanford_msa,1985,1,3,4,School,Unknown,14.0,M,Unknown,Yes,0,Low,Medium,Low
stanford_msa,1985,2,1,3,Other,Unknown,30.0,M,Black,Yes,0,Low,Medium,Low
stanford_msa,1986,1,4,5,Other,Unknown,29.0,M,Black,Yes,0,Low,Medium,Medium
stanford_msa,1986,15,6,20,Other,Unknown,44.0,M,Unknown,Yes,0,Medium,High,VeryHigh
stanford_msa,1986,1,3,4,School,Unknown,14.0,M,Unknown,Yes,0,Low,Medium,Low
stanford_msa,1987,6,14,20,Other,Unknown,59.0,M,Unknown,Yes,0,Medium,High,VeryHigh
stanford_msa,1988,1,2,3,School,Unknown,15.5,M,Unknown,No,1,Low,Medium,Low
stanford_msa,1988,7,4,11,Workplace,Unknown,39.0,M,Unknown,Yes,0,Medium,Medium,VeryHigh
stanford_msa,1988,2,7,8,School,Unknown,30.0,F,Unknown,Yes,0,Low,Medium,High
stanford_msa,1988,5,2,6,School,Unknown,40.0,M,Black,No,0,Low,Medium,Medium
stanford_msa,1988,2,9,11,School,Unknown,19.0,M,Unknown,Yes,0,Medium,Medium,VeryHigh
stanford_msa,1988,0,4,4,Other,Unknown,39.0,M,Unknown,Unknown,0,Low,Medium,Low
stanford_msa,1989,6,30,35,School,Unknown,24.0,M,Unknown,Yes,0,High,VeryHigh,VeryHigh
stanford_msa,1989,4,1,4,Other,Unknown,52.0,M,Unknown,No,0,Low,Medium,Low
stanford_msa,1989,9,12,20,Workplace,Unknown,47.0,M,Unknown,Yes,0,Medium,High,VeryHigh
stanford_msa,1990,12,6,17,Workplace,Unknown,42.0,M,Black,No,0,Medium,Medium,VeryHigh
stanford_msa,1991,6,1,6,Other,Unknown,28.0,M,Unknown,No,0,Low,Medium,Medium
stanford_msa,1991,3,0,3,Other,Unknown,35.0,M,Black,Yes,0,Low,Medium,Low
stanford_msa,1991,24,20,43,Commercial,Unknown,35.0,M,Unknown,Yes,0,VeryHigh,VeryHigh,VeryHigh
stanford_msa,1991,5,5,9,Other,Unknown,31.0,M,Unknown,Yes,0,Low,Medium,High
stanford_msa,1992,4,10,14,School,Unknown,20.0,M,Unknown,Yes,0,Medium,Medium,VeryHigh
stanford_msa,1992,0,6,6,School,Unknown,17.0,M,Unknown,Unknown,0,Low,Medium,Medium
stanford_msa,1992,5,0,4,Other,Unknown,50.0,M,Unknown,No,0,Low,Medium,Low
stanford_msa,1992,2,4,6,Other,Unknown,18.0,M,Unknown,No,0,Low,Medium,Medium
stanford_msa,1993,9,6,14,Workplace,Unknown,55.0,M,Unknown,No,0,Medium,Medium,VeryHigh
stanford_msa,1993,2,2,3,Other,Unknown,45.0,M,Unknown,Unknown,0,Low,Medium,Low
stanford_msa,1993,1,5,6,Other,Unknown,38.0,M,Unknown,Yes,0,Low,Medium,Medium
stanford_msa,1993,1,3,3,Other,Unknown,28.0,M,Unknown,No,0,Low,Medium,Low
stanford_msa,1993,4,8,12,Commercial,Unknown,22.0,M,Unknown,No,0,Medium,Medium,VeryHigh
stanford_msa,1993,1,4,4,School,Unknown,29.0,M,Unknown,No,0,Low,Medium,Low
stanford_msa,1993,6,19,25,Other,Unknown,34.0,M,Black,No,0,High,High,VeryHigh
stanford_msa,1993,4,1,5,Commercial,Unknown,19.0,M,Black,Yes,0,Low,Medium,Medium
stanford_msa,1993,1,2,3,School,Unknown,39.0,M,Unknown,Yes,0,Low,Medium,Low
stanford_msa,1994,4,0,4,Home,Unknown,17.0,M,Unknown,No,0,Low,Medium,Low
stanford_msa,1994,5,23,27,Military,Unknown,20.0,M,Unknown,Yes,0,High,High,VeryHigh
stanford_msa,1994,1,3,4,School,Unknown,37.0,M,Unknown,Yes,0,Low,Medium,Low
stanford_msa,1995,2,2,4,Public_Open,Unknown,26.0,M,Unknown,Yes,0,Low,Medium,Low
stanford_msa,1995,4,1,5,Other,Unknown,29.0,M,Unknown,No,0,Low,Medium,Medium
stanford_msa,1995,6,0,5,Workplace,Unknown,28.0,M,Unknown,No,0,Low,Medium,Medium
stanford_msa,1995,2,1,3,School,Unknown,17.0,M,Unknown,Yes,0,Low,Medium,Low
stanford_msa,1996,3,1,4,School,Unknown,14.0,M,Unknown,Yes,0,Low,Medium,Low
stanford_msa,1996,7,0,6,Other,Unknown,41.0,M,Black,No,0,Low,Medium,Medium
stanford_msa,1996,3,0,3,Other,Unknown,36.0,M,Unknown,No,0,Low,Medium,Low
stanford_msa,1997,2,2,4,School,Unknown,16.0,M,Unknown,Yes,0,Low,Medium,Low
stanford_msa,1997,4,3,7,Workplace,Unknown,43.0,M,Black,No,0,Low,Medium,High
stanford_msa,1997,2,7,9,School,Unknown,16.0,M,Unknown,Yes,0,Low,Medium,High
stanford_msa,1997,3,5,8,School,Unknown,14.0,M,Unknown,Yes,0,Low,Medium,High
stanford_msa,1997,2,2,3,Other,Unknown,37.0,M,Black,No,0,Low,Medium,Low
stanford_msa,1997,5,2,6,Workplace,Unknown,41.0,M,Unknown,No,0,Low,Medium,Medium
stanford_msa,1998,5,0,4,Workplace,Unknown,35.0,M,Unknown,Yes,0,Low,Medium,Low
stanford_msa,1998,5,10,15,School,Unknown,12.0,M,Unknown,No,1,Medium,Medium,VeryHigh
stanford_msa,1998,1,3,4,Commercial,Unknown,14.0,M,Unknown,Yes,0,Low,Medium,Low
stanford_msa,1998,4,25,29,School,Unknown,15.0,M,Unknown,Yes,0,High,VeryHigh,VeryHigh
stanford_msa,1998,0,6,6,Other,Unknown,48.0,M,Black,No,0,Low,Medium,Medium
stanford_msa,1999,15,24,37,School,Unknown,17.5,M,Unknown,Yes,1,High,VeryHigh,VeryHigh
stanford_msa,1999,0,6,6,School,Unknown,15.0,M,Unknown,No,0,Low,Medium,Medium
stanford_msa,1999,10,12,21,Workplace,Unknown,44.0,M,Unknown,Yes,0,High,High,VeryHigh
stanford_msa,1999,8,7,14,Religious,Unknown,47.0,M,Unknown,Yes,0,Medium,Medium,VeryHigh
stanford_msa,1999,7,0,7,Workplace,Unknown,40.0,M,Unknown,Yes,0,Low,Medium,High
stanford_msa,1999,0,4,4,School,Unknown,13.0,M,Unknown,No,0,Low,Medium,Low
stanford_msa,1999,5,3,8,Other,Unknown,36.0,M,Unknown,No,0,Low,Medium,High
stanford_msa,2000,7,0,7,Workplace,Unknown,42.0,M,Unknown,No,0,Low,Medium,High
stanford_msa,2001,6,4,9,Workplace,Unknown,66.0,M,Black,No,0,Low,Medium,High
stanford_msa,2001,2,13,15,School,Unknown,15.0,M,Unknown,No,0,Medium,Medium,VeryHigh
stanford_msa,2002,3,3,6,Other,Unknown,43.0,M,Black,No,0,Low,Medium,Medium
stanford_msa,2002,4,0,3,Other,Unknown,41.0,M,Unknown,No,0,Low,Medium,Low
stanford_msa,2003,1,2,3,Other,Unknown,62.0,M,Unknown,No,0,Low,Medium,Low
stanford_msa,2003,7,8,14,Workplace,Unknown,48.0,M,Unknown,No,0,Medium,Medium,VeryHigh
stanford_msa,2003,7,0,6,Workplace,Unknown,36.0,M,Unknown,No,0,Low,Medium,Medium
stanford_msa,2004,6,2,8,Public_Open,Unknown,36.0,M,Unknown,No,0,Low,Medium,High
stanford_msa,2004,5,7,11,Other,Unknown,25.0,M,Unknown,Yes,0,Medium,Medium,VeryHigh
stanford_msa,2005,8,4,11,Religious,Unknown,44.0,M,Unknown,No,0,Medium,Medium,VeryHigh
stanford_msa,2005,10,5,14,School,Unknown,16.0,M,Unknown,Yes,0,Medium,Medium,VeryHigh
stanford_msa,2006,8,0,7,Other,Unknown,44.0,F,Unknown,Yes,0,Low,Medium,High
stanford_msa,2006,7,2,8,Home,Unknown,28.0,M,Unknown,No,0,Low,Medium,High
stanford_msa,2006,2,2,4,Home,Unknown,26.0,M,Black,Yes,0,Low,Medium,Low
stanford_msa,2006,1,2,3,School,Unknown,18.0,M,Unknown,Yes,0,Low,Medium,Low
stanford_msa,2006,0,5,5,Other,Unknown,18.0,M,Black,Unknown,0,Low,Medium,Medium
stanford_msa,2006,6,5,10,School,Unknown,32.0,M,Unknown,Unknown,0,VeryHigh,Medium,High
stanford_msa,2007,6,4,9,Other,Unknown,18.0,M,Unknown,Unknown,0,Low,Medium,High
stanford_msa,2007,0,10,10,School,Unknown,15.0,M,Unknown,No,0,VeryHigh,Medium,High
stanford_msa,2007,33,17,49,Other,Unknown,23.0,M,Unknown,Yes,0,VeryHigh,VeryHigh,VeryHigh
stanford_msa,2007,7,1,7,Home,Unknown,20.0,M,Unknown,No,0,Low,Medium,High
stanford_msa,2007,1,4,4,School,Unknown,14.0,M,Unknown,Yes,0,Low,Medium,Low
stanford_msa,2007,0,4,4,School,Unknown,15.0,M,Black,No,0,Low,Medium,Low
stanford_msa,2007,9,4,12,Other,Unknown,19.0,M,Unknown,Yes,0,Medium,Medium,VeryHigh
stanford_msa,2007,5,5,9,Religious,Unknown,24.0,M,Unknown,No,0,Low,Medium,High
stanford_msa,2007,0,6,6,Public_Open,Unknown,18.0,M,Black,No,0,Low,Medium,Medium
stanford_msa,2007,6,0,6,Home,Unknown,29.0,MF,Unknown,No,1,Low,Medium,Medium
stanford_msa,2008,6,2,7,Other,Unknown,52.0,M,Black,No,0,Low,Medium,High
stanford_msa,2008,6,17,22,Other,Unknown,27.0,M,Unknown,Yes,0,High,High,VeryHigh
stanford_msa,2008,7,1,7,Workplace,Unknown,25.0,M,Unknown,No,0,Low,Medium,High
stanford_msa,2008,0,3,3,Other,Unknown,24.0,M,Black,No,0,Low,Medium,Low
stanford_msa,2008,0,1,3,Other,Unknown,19.5,M,Black,No,1,Low,Medium,Low
stanford_msa,2008,10,2,11,Home,Unknown,45.0,M,Unknown,No,0,Medium,Medium,VeryHigh
stanford_msa,2009,11,6,16,Public_Open,Unknown,28.0,M,Unknown,No,0,Medium,Medium,VeryHigh
stanford_msa,2009,6,1,6,Home,Unknown,42.0,M,Unknown,No,0,Low,Medium,Medium
stanford_msa,2009,8,2,10,Other,Unknown,45.0,M,Unknown,Yes,0,VeryHigh,Medium,High
stanford_msa,2009,14,4,17,Other,Unknown,41.0,M,Unknown,Yes,0,Medium,Medium,VeryHigh
stanford_msa,2009,13,32,45,Military,Unknown,39.0,M,Unknown,Yes,0,VeryHigh,VeryHigh,VeryHigh
stanford_msa,2009,5,0,4,Commercial,Unknown,37.0,M,Black,Yes,0,Low,Medium,Low
stanford_msa,2010,0,3,6,Other,Unknown,44.0,F,Unknown,No,0,Low,Medium,Medium
stanford_msa,2010,9,2,10,Workplace,Unknown,34.0,M,Black,Unknown,0,VeryHigh,Medium,High
stanford_msa,2011,6,13,19,Other,Unknown,22.0,M,Unknown,Yes,0,Medium,High,VeryHigh
stanford_msa,2011,1,11,12,Other,Unknown,20.0,M,Black,Unknown,1,Medium,Medium,VeryHigh
stanford_msa,2011,1,3,4,Other,Unknown,34.0,M,Unknown,Yes,0,Low,Medium,Low
stanford_msa,2011,8,2,9,Home,Unknown,34.0,M,Black,Yes,0,Low,Medium,High
stanford_msa,2011,5,7,11,Commercial,Unknown,32.0,M,Unknown,Yes,0,Medium,Medium,VeryHigh
stanford_msa,2011,8,1,9,Other,Unknown,41.0,M,Unknown,Yes,0,Low,Medium,High
stanford_msa,2012,5,0,4,Other,Unknown,59.0,M,Unknown,Yes,0,Low,Medium,Low
stanford_msa,2012,3,3,6,School,Unknown,17.0,M,Unknown,Yes,0,Low,Medium,Medium
stanford_msa,2012,7,3,10,Other,Unknown,43.0,M,Unknown,Yes,0,VeryHigh,Medium,High
stanford_msa,2012,3,2,5,Public_Open,Unknown,25.0,M,Unknown,No,1,Low,Medium,Medium
stanford_msa,2012,6,1,6,Other,Unknown,40.0,M,Unknown,Yes,0,Low,Medium,Medium
stanford_msa,2012,3,3,6,Home,Unknown,22.0,M,Black,Unknown,0,Low,Medium,Medium
stanford_msa,2012,12,58,70,Other,Unknown,24.0,M,Unknown,Yes,0,VeryHigh,VeryHigh,VeryHigh
stanford_msa,2012,7,4,10,Religious,Unknown,40.0,M,Unknown,No,0,VeryHigh,Medium,High
stanford_msa,2012,7,2,8,Workplace,Unknown,36.0,M,Unknown,Yes,0,Low,Medium,High
stanford_msa,2012,0,15,15,Other,Unknown,17.0,M,Black,Unknown,0,Medium,Medium,VeryHigh
stanford_msa,2012,4,4,7,Other,Unknown,45.0,M,Black,No,0,Low,Medium,High
stanford_msa,2012,3,1,3,Other,Unknown,22.0,M,Unknown,No,0,Low,Medium,Low
stanford_msa,2012,28,2,29,School,Unknown,20.0,M,Unknown,Yes,0,High,VeryHigh,VeryHigh
stanford_msa,2013,5,0,5,Home,Unknown,15.0,M,Unknown,Yes,0,Low,Medium,Medium
stanford_msa,2013,3,1,3,Workplace,Unknown,70.0,M,Unknown,Unknown,0,Low,Medium,Low
stanford_msa,2013,4,3,7,Home,Unknown,33.0,M,Black,Yes,0,Low,Medium,High
stanford_msa,2013,4,3,6,Public_Open,Unknown,20.0,M,Unknown,Yes,0,Low,Medium,Medium
stanford_msa,2013,5,0,4,Home,Unknown,27.0,M,Black,Unknown,0,Low,Medium,Low
stanford_msa,2013,7,1,7,Home,Unknown,43.0,M,Unknown,Unknown,0,Low,Medium,High
stanford_msa,2013,6,3,8,Home,Unknown,23.0,M,Unknown,Yes,0,Low,Medium,High
stanford_msa,2013,7,0,6,Home,Unknown,42.0,M,Unknown,No,0,Low,Medium,Medium
stanford_msa,2013,3,3,6,Other,Unknown,59.0,M,Unknown,No,0,Low,Medium,Medium
stanford_msa,2013,4,0,4,Home,Unknown,40.0,M,Unknown,Yes,0,Low,Medium,Low
stanford_msa,2013,13,3,15,Military,Unknown,34.0,M,Black,Yes,0,Medium,Medium,VeryHigh
stanford_msa,2013,2,2,3,School,Unknown,12.0,M,Unknown,Unknown,0,Low,Medium,Low
stanford_msa,1971,2,4,5,Religious,Unknown,21.0,M,Unknown,Yes,0,Low,Medium,Medium
stanford_msa,1991,9,0,9,Religious,Unknown,16.5,M,Unknown,No,1,Low,Medium,High
stanford_msa,2005,3,4,6,Other,Unknown,43.0,M,Unknown,Unknown,0,Low,Medium,Medium
stanford_msa,2013,5,2,6,Other,Unknown,64.0,M,Unknown,No,0,Low,Medium,Medium
stanford_msa,2013,1,3,4,Other,Unknown,23.0,M,Unknown,No,0,Low,Medium,Low
stanford_msa,2013,4,4,8,Home,Unknown,44.0,M,Black,Unknown,0,Low,Medium,High
stanford_msa,2013,3,5,8,Other,Unknown,25.0,M,Black,No,0,Low,Medium,High
stanford_msa,2014,0,8,8,Public_Open,Unknown,24.5,M,Black,No,1,Low,Medium,High
stanford_msa,2014,4,16,19,Military,Unknown,34.0,M,Unknown,Yes,0,Medium,High,VeryHigh
stanford_msa,2014,1,6,6,Workplace,Unknown,19.0,M,Unknown,No,0,Low,Medium,Medium
stanford_msa,2014,7,7,10,Home,Unknown,22.0,M,Unknown,Yes,0,VeryHigh,Medium,High
stanford_msa,2014,1,2,3,Other,Unknown,26.0,M,Unknown,Yes,0,Low,Medium,Low
stanford_msa,2014,5,0,3,Other,Unknown,26.5,MF,Unknown,No,1,Low,Medium,Low
stanford_msa,2014,1,9,10,Public_Open,Unknown,20.0,M,Unknown,No,0,VeryHigh,Medium,High
stanford_msa,2014,2,3,4,Other,Unknown,46.0,M,Unknown,No,0,Low,Medium,Low
stanford_msa,2014,5,1,5,School,Unknown,15.0,M,Unknown,No,0,Low,Medium,Medium
stanford_msa,2014,1,3,3,Other,Unknown,31.0,M,Black,Yes,0,Low,Medium,Low
stanford_msa,2014,4,2,6,Other,Unknown,44.0,F,Unknown,No,0,Low,Medium,Medium
stanford_msa,1994,2,5,7,Other,Unknown,22.0,M,Unknown,Yes,0,Low,Medium,High
stanford_msa,2012,5,0,5,Home,Unknown,17.7,M,Black,No,1,Low,Medium,Medium
stanford_msa,2014,7,1,7,Home,Unknown,35.0,M,Unknown,Yes,0,Low,Medium,High
stanford_msa,2015,0,5,5,Other,Unknown,28.0,M,Black,No,1,Low,Medium,Medium
stanford_msa,2015,3,1,4,Home,Unknown,29.0,M,Unknown,No,0,Low,Medium,Low
stanford_msa,2015,4,1,4,Home,Unknown,34.0,M,Black,No,0,Low,Medium,Low
stanford_msa,2015,5,0,5,Home,Unknown,26.0,M,Unknown,No,0,Low,Medium,Medium
stanford_msa,2015,3,5,8,Public_Open,Unknown,31.689661016949156,M,Black,No,1,Low,Medium,High
stanford_msa,2015,3,0,3,Home,Unknown,46.0,M,Unknown,No,0,Low,Medium,Low
stanford_msa,2015,0,3,3,Other,Unknown,17.0,M,Black,No,0,Low,Medium,Low
stanford_msa,2015,3,1,4,Home,Unknown,32.0,MF,Unknown,No,1,Low,Medium,Low
stanford_msa,2015,8,1,8,Home,Unknown,36.0,M,Unknown,No,0,Low,Medium,High
stanford_msa,2014,5,0,4,Home,Unknown,39.0,M,Unknown,No,0,Low,Medium,Low
stanford_msa,2015,5,2,6,Home,Unknown,33.0,M,Black,No,0,Low,Medium,Medium
stanford_msa,2015,0,6,6,Other,Unknown,22.0,M,Black,No,0,Low,Medium,Medium
stanford_msa,2015,3,2,4,Home,Unknown,41.0,M,Unknown,No,0,Low,Medium,Low
stanford_msa,2015,4,1,4,Home,Unknown,30.0,M,Black,No,0,Low,Medium,Low
stanford_msa,2015,3,0,3,Home,Unknown,19.0,M,Unknown,No,0,Low,Medium,Low
stanford_msa,2015,1,2,3,Public_Open,Unknown,18.0,M,Black,No,1,Low,Medium,Low
stanford_msa,2015,4,0,3,Home,Unknown,40.0,M,Black,Yes,0,Low,Medium,Low
stanford_msa,2015,2,3,5,Home,Unknown,32.0,M,Black,Unknown,0,Low,Medium,Medium
stanford_msa,2015,3,1,3,Home,Unknown,45.0,M,Unknown,No,0,Low,Medium,Low
stanford_msa,2015,1,5,6,Home,Unknown,41.0,M,Unknown,No,0,Low,Medium,Medium
stanford_msa,2015,2,2,3,Public_Open,Unknown,24.0,M,Unknown,Unknown,0,Low,Medium,Low
stanford_msa,2015,0,7,7,Home,Unknown,22.0,M,Black,No,0,Low,Medium,High
stanford_msa,2015,4,0,3,Home,Unknown,42.0,M,Unknown,Unknown,0,Low,Medium,Low
stanford_msa,2015,0,4,4,Home,Unknown,23.0,M,Black,No,0,Low,Medium,Low
stanford_msa,2015,0,5,5,Home,Unknown,31.689661016949156,M,Unknown,No,1,Low,Medium,Medium
stanford_msa,2015,1,3,4,Home,Unknown,31.689661016949156,M,Black,No,1,Low,Medium,Low
stanford_msa,2015,5,0,4,Home,Unknown,50.0,M,Unknown,Unknown,0,Low,Medium,Low
stanford_msa,2015,2,3,5,Home,Unknown,35.0,M,Black,Unknown,0,Low,Medium,Medium
stanford_msa,2015,1,6,7,Commercial,Unknown,31.0,M,Black,Unknown,0,Low,Medium,High
stanford_msa,2015,2,3,5,Home,Unknown,24.0,M,Unknown,No,0,Low,Medium,Medium
stanford_msa,2015,4,1,4,Public_Open,Unknown,27.0,M,Unknown,Yes,0,Low,Medium,Low
stanford_msa,2015,5,0,4,Home,Unknown,25.0,M,Unknown,Yes,0,Low,Medium,Low
stanford_msa,2015,1,4,5,Other,Unknown,18.0,M,Black,Unknown,0,Low,Medium,Medium
stanford_msa,2015,3,1,3,Home,Unknown,30.0,M,Unknown,Unknown,0,Low,Medium,Low
stanford_msa,2015,3,2,4,Home,Unknown,36.0,M,Unknown,Unknown,0,Low,Medium,Low
stanford_msa,2015,5,0,4,Home,Unknown,59.0,M,Unknown,Unknown,0,Low,Medium,Low
stanford_msa,2015,9,0,9,Religious,Unknown,21.0,M,Unknown,Unknown,0,Low,Medium,High
stanford_msa,2015,0,4,4,Other,Unknown,32.0,M,Unknown,Unknown,0,Low,Medium,Low
stanford_msa,2015,1,3,4,Public_Open,Unknown,17.5,M,Black,Unknown,0,Low,Medium,Low
stanford_msa,2015,0,4,4,Home,Unknown,21.0,M,Black,Unknown,0,Low,Medium,Low
stanford_msa,2015,2,3,4,Home,Unknown,24.0,M,Unknown,Unknown,0,Low,Medium,Low
stanford_msa,2015,5,3,7,Military,Unknown,24.0,M,Unknown,Yes,0,Low,Medium,High
stanford_msa,2015,4,1,4,Home,Unknown,32.0,M,Unknown,Unknown,0,Low,Medium,Low
stanford_msa,2015,3,9,11,Other,Unknown,59.0,M,Unknown,Yes,0,Medium,Medium,VeryHigh
stanford_msa,2015,8,0,8,Home,Unknown,48.0,M,Black,Unknown,0,Low,Medium,High
stanford_msa,2015,3,4,7,Public_Open,Unknown,20.5,M,Black,Unknown,1,Low,Medium,High
stanford_msa,2015,3,1,3,Other,Unknown,41.0,M,Black,Unknown,0,Low,Medium,Low
stanford_msa,2015,3,1,4,Home,Unknown,19.0,M,Unknown,Unknown,0,Low,Medium,Low
stanford_msa,2015,5,0,4,Home,Unknown,45.0,M,Unknown,Yes,0,Low,Medium,Low
stanford_msa,2015,6,0,5,Home,Unknown,41.0,M,Unknown,Unknown,0,Low,Medium,Medium
stanford_msa,2015,10,7,16,Other,Unknown,26.0,M,Unknown,Unknown,0,Medium,Medium,VeryHigh
stanford_msa,2015,1,3,4,Other,Unknown,18.0,M,Unknown,Unknown,0,Low,Medium,Low
stanford_msa,2015,4,0,3,Home,Unknown,35.0,M,Unknown,Unknown,0,Low,Medium,Low
stanford_msa,2015,0,10,10,Other,Unknown,21.0,M,Black,Unknown,1,VeryHigh,Medium,High
stanford_msa,2015,2,1,3,Home,Unknown,21.0,M,Unknown,Unknown,0,Low,Medium,Low
stanford_msa,2015,4,0,3,Public_Open,Unknown,33.0,M,Unknown,Unknown,0,Low,Medium,Low
stanford_msa,2015,4,0,3,Home,Unknown,42.0,M,Unknown,Unknown,0,Low,Medium,Low
stanford_msa,2015,3,1,3,Home,Unknown,57.0,M,Unknown,Unknown,0,Low,Medium,Low
stanford_msa,2015,1,2,3,Home,Unknown,30.0,M,Black,Yes,0,Low,Medium,Low
stanford_msa,2015,4,1,4,Home,Unknown,28.0,M,Black,Unknown,0,Low,Medium,Low
stanford_msa,2015,6,0,6,Public_Open,Unknown,33.0,M,Unknown,Unknown,0,Low,Medium,Medium
stanford_msa,2015,4,1,4,Home,Unknown,50.0,M,Unknown,Unknown,0,Low,Medium,Low
stanford_msa,2015,0,5,5,Public_Open,Unknown,24.0,M,Unknown,Unknown,1,Low,Medium,Medium
stanford_msa,2015,3,9,12,Other,Unknown,57.0,M,Unknown,Unknown,0,Medium,Medium,VeryHigh
stanford_msa,2015,16,21,35,Other,Unknown,27.5,MF,Unknown,Unknown,1,High,VeryHigh,VeryHigh
stanford_msa,2015,2,3,5,Home,Unknown,23.0,M,Black,Unknown,0,Low,Medium,Medium
stanford_msa,2016,6,0,5,Home,Unknown,26.0,M,Unknown,Yes,0,Low,Medium,Medium
stanford_msa,2016,2,10,12,Other,Unknown,23.0,M,Unknown,Unknown,0,Medium,Medium,VeryHigh
stanford_msa,2016,2,3,4,Home,Unknown,45.0,M,Unknown,Unknown,0,Low,Medium,Low
stanford_msa,2016,6,2,8,Home,Unknown,45.0,M,Unknown,Unknown,0,Low,Medium,High
stanford_msa,2016,5,0,4,Home,Unknown,26.0,M,Unknown,Yes,0,Low,Medium,Low
stanford_msa,2016,4,14,17,Workplace,Unknown,38.0,M,Black,Unknown,0,Medium,Medium,VeryHigh
stanford_msa,2016,5,0,4,Home,Unknown,51.0,M,Unknown,Unknown,0,Low,Medium,Low
stanford_msa,2016,2,2,4,Home,Unknown,32.0,M,Black,Unknown,0,Low,Medium,Low
stanford_msa,2016,1,6,7,Home,Unknown,16.0,M,Unknown,Unknown,0,Low,Medium,High
stanford_msa,2016,5,0,5,Home,Unknown,40.0,M,Unknown,Unknown,0,Low,Medium,Medium
stanford_msa,2016,6,3,9,Home,Unknown,31.689661016949156,M,Unknown,Unknown,1,Low,Medium,High
stanford_msa,2016,1,4,5,Home,Unknown,31.689661016949156,U,Unknown,Unknown,0,Low,Medium,Medium
stanford_msa,2016,4,0,3,Home,Unknown,33.0,M,Unknown,Unknown,0,Low,Medium,Low
stanford_msa,2016,4,0,3,Home,Unknown,36.0,M,Unknown,Unknown,0,Low,Medium,Low
stanford_msa,2016,2,2,3,Home,Unknown,49.0,M,Unknown,Unknown,0,Low,Medium,Low
stanford_msa,2016,3,0,3,Home,Unknown,31.689661016949156,M,Black,Unknown,0,Low,Medium,Low
stanford_msa,2016,2,2,3,Other,Unknown,34.0,M,Black,Unknown,0,Low,Medium,Low
stanford_msa,2016,3,1,4,Home,Unknown,30.5,M,Black,Unknown,1,Low,Medium,Low
stanford_msa,2016,1,3,4,Public_Open,Unknown,31.689661016949156,U,Unknown,Unknown,1,Low,Medium,Low
stanford_msa,2016,1,4,4,Home,Unknown,20.5,M,Black,Unknown,1,Low,Medium,Low
stanford_msa,2016,1,3,4,Home,Unknown,18.0,M,Black,Unknown,0,Low,Medium,Low
stanford_msa,2016,3,0,3,Home,Unknown,22.0,M,Unknown,Unknown,0,Low,Medium,Low
stanford_msa,2016,2,2,4,Public_Open,Unknown,31.689661016949156,U,Unknown,Unknown,0,Low,Medium,Low
stanford_msa,2016,1,4,5,Commercial,Unknown,31.689661016949156,M,Unknown,Unknown,0,Low,Medium,Medium
stanford_msa,2016,6,0,5,Home,Unknown,26.0,M,Unknown,Unknown,0,Low,Medium,Medium
stanford_msa,2016,2,2,3,Home,Unknown,42.0,M,Unknown,Unknown,0,Low,Medium,Low
stanford_msa,2016,3,5,8,Home,Unknown,31.689661016949156,M,Unknown,Unknown,0,Low,Medium,High
stanford_msa,2016,0,3,3,Public_Open,Unknown,39.0,M,Black,Unknown,0,Low,Medium,Low
stanford_msa,2016,2,6,8,Other,Unknown,31.689661016949156,U,Unknown,Unknown,0,Low,Medium,High
stanford_msa,2016,1,3,4,Public_Open,Unknown,31.689661016949156,U,Unknown,Unknown,0,Low,Medium,Low
stanford_msa,2016,4,0,3,Home,Unknown,19.0,M,Unknown,Unknown,0,Low,Medium,Low
stanford_msa,2016,1,7,8,Other,Unknown,31.689661016949156,U,Unknown,Unknown,0,Low,Medium,High
stanford_msa,2016,0,3,3,School,Unknown,21.0,M,Black,Unknown,0,Low,Medium,Low
stanford_msa,2016,2,2,4,Public_Open,Unknown,31.689661016949156,U,Unknown,Unknown,1,Low,Medium,Low
stanford_msa,2016,1,3,4,Other,Unknown,31.689661016949156,U,Unknown,Unknown,0,Low,Medium,Low
stanford_msa,2016,6,2,8,Public_Open,Unknown,45.0,M,Unknown,No,0,Low,Medium,High
stanford_msa,2016,1,3,4,Public_Open,Unknown,21.25,M,Black,Unknown,1,Low,Medium,Low
stanford_msa,2016,0,5,5,Public_Open,Unknown,31.689661016949156,U,Unknown,Unknown,0,Low,Medium,Medium
stanford_msa,2016,5,0,4,Home,Unknown,26.0,M,Unknown,Unknown,0,Low,Medium,Low
stanford_msa,2016,5,0,4,Home,Unknown,51.0,M,Unknown,Unknown,0,Low,Medium,Low
stanford_msa,2016,0,5,5,Other,Unknown,31.689661016949156,M,Black,Unknown,0,Low,Medium,Medium
stanford_msa,2016,1,3,4,Commercial,Unknown,24.0,M,Unknown,Unknown,0,Low,Medium,Low
stanford_msa,2016,0,4,4,Other,Unknown,31.689661016949156,U,Unknown,Unknown,0,Low,Medium,Low
stanford_msa,2016,1,6,7,Home,Unknown,16.0,M,Unknown,Unknown,0,Low,Medium,High
stanford_msa,2016,0,4,4,Other,Unknown,39.0,M,Black,Unknown,0,Low,Medium,Low
stanford_msa,2016,0,4,4,Public_Open,Unknown,31.689661016949156,U,Unknown,Unknown,0,Low,Medium,Low
stanford_msa,2016,4,0,4,Home,Unknown,40.0,M,Unknown,Unknown,0,Low,Medium,Low
stanford_msa,2016,5,3,8,Home,Unknown,31.689661016949156,M,Unknown,Unknown,1,Low,Medium,High
stanford_msa,2016,0,5,5,Public_Open,Unknown,31.689661016949156,U,Unknown,Unknown,0,Low,Medium,Medium
stanford_msa,2016,2,2,4,Home,Unknown,31.689661016949156,U,Unknown,Unknown,0,Low,Medium,Low
stanford_msa,2016,2,2,3,Home,Unknown,49.0,M,Unknown,Unknown,0,Low,Medium,Low
stanford_msa,2016,0,4,4,Public_Open,Unknown,31.689661016949156,U,Unknown,Unknown,0,Low,Medium,Low
stanford_msa,2016,0,4,4,Other,Unknown,31.689661016949156,U,Unknown,Unknown,0,Low,Medium,Low
stanford_msa,2016,2,2,4,Public_Open,Unknown,32.0,M,Black,Unknown,0,Low,Medium,Low
stanford_msa,2016,1,4,5,Home,Unknown,31.689661016949156,U,Unknown,Unknown,0,Low,Medium,Medium
stanford_msa,2016,4,0,3,Home,Unknown,33.0,M,Unknown,Yes,0,Low,Medium,Low
stanford_msa,2016,4,0,3,Home,Unknown,36.0,M,Unknown,Unknown,0,Low,Medium,Low
stanford_msa,2016,2,2,3,Home,Unknown,49.0,M,Unknown,Yes,0,Low,Medium,Low
stanford_msa,2016,3,1,3,Commercial,Unknown,58.0,M,Unknown,Unknown,0,Low,Medium,Low
stanford_msa,2016,0,5,5,Public_Open,Unknown,31.689661016949156,U,Unknown,Unknown,0,Low,Medium,Medium
stanford_msa,2016,0,4,4,Home,Unknown,19.0,M,Unknown,Unknown,0,Low,Medium,Low
stanford_msa,2016,0,4,4,Public_Open,Unknown,31.689661016949156,U,Unknown,Unknown,0,Low,Medium,Low
stanford_msa,2016,0,3,4,Public_Open,Unknown,31.689661016949156,U,Unknown,Unknown,0,Low,Medium,Low
stanford_msa,2016,1,4,5,Public_Open,Unknown,31.689661016949156,U,Unknown,Unknown,0,Low,Medium,Medium
stanford_msa,2016,4,0,4,Home,Unknown,37.0,M,Unknown,Unknown,0,Low,Medium,Low
stanford_msa,2016,1,4,4,Public_Open,Unknown,38.0,M,Unknown,Yes,0,Low,Medium,Low
stanford_msa,2016,0,4,4,Home,Unknown,20.0,M,Black,Unknown,0,Low,Medium,Low
stanford_msa,2016,0,6,6,Home,Unknown,50.0,M,Black,Unknown,0,Low,Medium,Medium
stanford_msa,2016,1,4,5,Public_Open,Unknown,31.689661016949156,U,Unknown,Unknown,0,Low,Medium,Medium
stanford_msa,2016,0,4,4,Home,Unknown,31.689661016949156,U,Unknown,Unknown,0,Low,Medium,Low
stanford_msa,2016,6,0,5,Home,Unknown,50.0,M,Black,Unknown,0,Low,Medium,Medium
stanford_msa,2016,3,1,4,Other,Unknown,33.0,M,Black,Unknown,0,Low,Medium,Low
stanford_msa,2016,0,4,4,Other,Unknown,16.0,M,Black,Unknown,0,Low,Medium,Low
stanford_msa,2016,0,0,5,Home,Unknown,31.689661016949156,U,Unknown,Unknown,0,Low,Medium,Medium
stanford_msa,2016,4,0,3,Workplace,Unknown,40.0,M,Unknown,Unknown,0,Low,Medium,Low
stanford_msa,2016,2,2,3,Workplace,Unknown,65.0,M,Unknown,Unknown,0,Low,Medium,Low
stanford_msa,2016,2,6,8,Workplace,Unknown,31.689661016949156,U,Unknown,Unknown,0,Low,Medium,High
stanford_msa,2016,1,3,4,Public_Open,Unknown,31.689661016949156,U,Unknown,Unknown,0,Low,Medium,Low
stanford_msa,2016,3,3,6,School,Unknown,62.0,M,Unknown,Unknown,0,Low,Medium,Medium
stanford_msa,2016,1,3,4,Other,Unknown,31.689661016949156,U,Unknown,Unknown,0,Low,Medium,Low
stanford_msa,2016,1,4,5,Other,Unknown,31.689661016949156,M,Black,Unknown,0,Low,Medium,Medium
stanford_msa,2016,1,3,4,Commercial,Unknown,42.0,M,Unknown,Unknown,0,Low,Medium,Low
stanford_msa,2016,1,4,5,Home,Unknown,36.0,M,Black,Unknown,0,Low,Medium,Medium
stanford_msa,2016,0,5,5,Other,Unknown,31.689661016949156,M,Unknown,Unknown,0,Low,Medium,Medium
stanford_msa,2016,4,0,3,Home,Unknown,29.0,M,Black,Unknown,0,Low,Medium,Low
stanford_msa,2016,0,2,3,Home,Unknown,43.0,M,Unknown,Unknown,0,Low,Medium,Low
stanford_msa,2016,5,0,5,Home,Unknown,25.0,M,Unknown,Unknown,0,Low,Medium,Medium
stanford_msa,2016,3,1,4,Home,Unknown,23.0,M,Black,Unknown,0,Low,Medium,Low
stanford_msa,2016,1,3,4,Home,Unknown,19.0,M,Black,Unknown,1,Low,Medium,Low
stanford_msa,2016,1,3,4,Public_Open,Unknown,21.0,M,Unknown,Unknown,0,Low,Medium,Low
stanford_msa,2016,1,2,3,Other,Unknown,33.0,M,Black,Unknown,0,Low,Medium,Low
stanford_msa,2016,0,4,4,Public_Open,Unknown,26.0,M,Black,Unknown,1,Low,Medium,Low
stanford_msa,2016,2,6,7,Other,Unknown,25.0,M,Unknown,Yes,0,Low,Medium,High
stanford_msa,2016,0,4,4,Home,Unknown,31.689661016949156,U,Unknown,Unknown,0,Low,Medium,Low
stanford_msa,2016,3,3,5,Public_Open,Unknown,31.0,M,Unknown,Unknown,0,Low,Medium,Medium
stanford_msa,2016,0,4,4,Home,Unknown,31.689661016949156,U,Unknown,Unknown,0,Low,Medium,Low
stanford_msa,2016,0,3,3,Other,Unknown,32.0,M,Black,Unknown,0,Low,Medium,Low
