strategy,model,threshold_mode,features,train_sources,test_source,accuracy_mean,accuracy_std,precision_weighted_mean,precision_weighted_std,recall_weighted_mean,recall_weighted_std,f1_weighted_mean,f1_weighted_std,recall_very_high_mean,recall_very_high_std,precision_very_high_mean,precision_very_high_std,f1_very_high_mean,f1_very_high_std
quartile,decision_tree,default,ctx,kaggle+mother_jones,stanford_msa,0.16826347305389222,0.08678504076294424,0.1340173065026106,0.09197837153906849,0.16826347305389222,0.08678504076294424,0.10105363034532577,0.09312152025544894,0.8857142857142858,0.063887656499994,0.13010450160771705,0.03208505900190615,0.22633069926941998,0.050008975193822636
quartile,decision_tree,default,ctx,kaggle+stanford_msa,mother_jones,0.5605095541401274,0.0,0.31977788665686757,0.0,0.5605095541401274,0.0,0.40722734953854156,0.0,0.9887640449438202,0.0,0.5641025641025641,0.0,0.7183673469387755,0.0
quartile,decision_tree,default,ctx,mother_jones+stanford_msa,kaggle,0.29968253968253966,0.02124850861038921,0.3007460570850785,0.14272589978428316,0.29968253968253966,0.02124850861038921,0.22947951533331085,0.03437547312257159,0.8192307692307693,0.10320313742306725,0.2386513729579423,0.0012435553576641283,0.36859645656326157,0.010839399535268706
quartile,decision_tree,default,full,kaggle+mother_jones,stanford_msa,0.41916167664670656,0.006694814303891607,0.3061363602254654,0.0716430574331666,0.41916167664670656,0.006694814303891607,0.33377266187854787,0.04403435374343664,0.12380952380952381,0.27684651149997397,0.05591397849462365,0.12502745680643984,0.07703703703703704,0.17226005159998378
quartile,decision_tree,default,full,kaggle+stanford_msa,mother_jones,0.4726114649681529,0.012251836981956268,0.47273716100616614,0.02263357315961629,0.4726114649681529,0.012251836981956268,0.46565004388001324,0.014894745838113758,0.6134831460674157,0.006154186039383817,0.6708627100996579,0.007673465985787898,0.6408470199694024,0.0034808438668476388
quartile,decision_tree,default,full,mother_jones+stanford_msa,kaggle,0.3092063492063492,0.019901495896707904,0.2932798765309178,0.06982425139032122,0.3092063492063492,0.019901495896707904,0.2661956843807056,0.030552291197472194,0.5115384615384615,0.2265642534618945,0.371782424695046,0.09320401730802177,0.38315963606286185,0.09632866699619316
quartile,decision_tree,youden,ctx,kaggle+mother_jones,stanford_msa,0.248502994011976,0.12235219605809909,0.18272480813674946,0.12117238238270917,0.248502994011976,0.12235219605809909,0.18977113624887887,0.10717313736769427,0.3,0.19166296949998196,0.09570422535211268,0.0810136204907474,0.1286083213773314,0.07949448048926946
quartile,decision_tree,youden,ctx,kaggle+stanford_msa,mother_jones,0.25477707006369427,0.0,0.4878365691832481,0.00014258182690338918,0.25477707006369427,0.0,0.15771213408472792,0.00019042420049793322,0.07865168539325842,0.0,0.7777777777777778,0.0,0.14285714285714285,0.0
quartile,decision_tree,youden,ctx,mother_jones+stanford_msa,kaggle,0.32317460317460317,0.01153390611084759,0.3126762453103441,0.057889963392022445,0.32317460317460317,0.01153390611084759,0.26165995634372596,0.014155467148156183,0.12692307692307692,0.2838086279134348,0.04817518248175183,0.10772298285765411,0.06984126984126984,0.1561698269999853
quartile,decision_tree,youden,full,kaggle+mother_jones,stanford_msa,0.33952095808383237,0.037251092251486935,0.30353940872447077,0.032181073855604966,0.33952095808383237,0.037251092251486935,0.29866471930328176,0.009381084039648489,0.3619047619047619,0.3124404705204619,0.1702990033222591,0.10498952576788578,0.20191770845976453,0.11440268052567733
quartile,decision_tree,youden,full,kaggle+stanford_msa,mother_jones,0.41401273885350315,0.16381937770205968,0.43772945862749496,0.07412578952590008,0.41401273885350315,0.16381937770205968,0.3889006022960381,0.18254233435094222,0.4943820224719101,0.26386558574870517,0.6383325896177302,0.07757433792496038,0.5215421937628507,0.26752884801944454
quartile,decision_tree,youden,full,mother_jones+stanford_msa,kaggle,0.31047619047619046,0.015936381457791925,0.34643740145929114,0.04561904885634806,0.31047619047619046,0.015936381457791925,0.27259194046577057,0.06294530457271474,0.16923076923076924,0.17382317751502566,0.5357624831309041,0.1406328269389334,0.2002914123586545,0.13276169432760584
quartile,decision_tree,youden_val,ctx,kaggle+mother_jones,stanford_msa,0.23892215568862274,0.10333462685561896,0.21214496164323013,0.18455490729480525,0.23892215568862274,0.10333462685561896,0.18032416985116256,0.139246165763988,0.4428571428571429,0.5160683390910984,0.09529940119760479,0.0959693866128151,0.13326414115204982,0.12166333651895428
quartile,decision_tree,youden_val,ctx,kaggle+stanford_msa,mother_jones,0.44713375796178345,0.15082232301149898,0.3880855203412753,0.09503475729494919,0.44713375796178345,0.15082232301149898,0.32807684102489354,0.11242381552759974,0.647191011235955,0.45996108144042297,0.6512255307416598,0.12196954388260613,0.5247474367666696,0.26917101095396534
quartile,decision_tree,youden_val,ctx,mother_jones+stanford_msa,kaggle,0.31238095238095237,0.028887144548767802,0.2940038389205747,0.12062105408820552,0.31238095238095237,0.028887144548767802,0.2369188930519001,0.03877702279749229,0.18076923076923074,0.2792106371212544,0.09261962692619627,0.12699600856758844,0.11853692201518289,0.16656209685724346
quartile,decision_tree,youden_val,full,kaggle+mother_jones,stanford_msa,0.24730538922155687,0.09018389505753946,0.14182868446977467,0.11332913865436046,0.24730538922155687,0.09018389505753946,0.14930755507776133,0.1016063453596498,0.37142857142857144,0.48286982231873055,0.2618163672654691,0.4203227171697692,0.1308069771899559,0.13277857097898987
quartile,decision_tree,youden_val,full,kaggle+stanford_msa,mother_jones,0.44713375796178345,0.030346826113558198,0.44669707213714405,0.04785668507650041,0.44713375796178345,0.030346826113558198,0.4348959796088641,0.03754614139822695,0.6067415730337078,0.007945020013331965,0.6717073356718012,0.005367117477013042,0.6375294055973841,0.0036825786329333795
quartile,decision_tree,youden_val,full,mother_jones+stanford_msa,kaggle,0.313015873015873,0.032884353428770975,0.31749777891290487,0.13749916175754232,0.313015873015873,0.032884353428770975,0.22217765496237335,0.05171982264004734,0.19230769230769232,0.19037490262714743,0.5554022988505747,0.261703718051061,0.216588295120029,0.12464777792473203
quartile,multinomial_lr,default,ctx,kaggle+mother_jones,stanford_msa,0.27664670658682633,0.00983932738033233,0.33925949961387536,0.15139440381604907,0.27664670658682633,0.00983932738033233,0.2082819610984485,0.03668419722574956,0.9047619047619048,0.07715167498104591,0.23679050075028277,0.0033409025385851836,0.3750497625545144,0.010108493948897117
quartile,multinomial_lr,default,ctx,kaggle+stanford_msa,mother_jones,0.44331210191082804,0.052252596947754595,0.4389520768509311,0.021500327572155233,0.44331210191082804,0.052252596947754595,0.4208675354016421,0.032961630526998006,0.6089887640449438,0.1262233408537853,0.6208756561985525,0.052929697657819366,0.6072738414918077,0.05992568254075515
quartile,multinomial_lr,default,ctx,mother_jones+stanford_msa,kaggle,0.33206349206349206,0.020153105076957306,0.3380005596897432,0.008850968298436407,0.33206349206349206,0.020153105076957306,0.300973285992072,0.0393434203952953,0.5115384615384615,0.1213216176583654,0.255504360970326,0.004872615622553173,0.33741932315454537,0.02573544510600078
quartile,multinomial_lr,default,full,kaggle+mother_jones,stanford_msa,0.3317365269461078,0.024268124705580166,0.45181938556273166,0.0218800901091937,0.3317365269461078,0.024268124705580166,0.285450410868608,0.049504100018152974,0.4333333333333333,0.056844458982444376,0.4073508359668314,0.03242376213683887,0.41761041024380097,0.030322108086684646
quartile,multinomial_lr,default,full,kaggle+stanford_msa,mother_jones,0.5554140127388535,0.010466036130671964,0.45880415052355134,0.018255239477283917,0.5554140127388535,0.010466036130671964,0.49400122975473326,0.00663940061421407,0.8359550561797754,0.04019897487640074,0.6306534382937361,0.014836684597674107,0.7186049337659457,0.019491270270946617
quartile,multinomial_lr,default,full,mother_jones+stanford_msa,kaggle,0.3873015873015873,0.020327378531532835,0.390425163088198,0.018031987999931793,0.3873015873015873,0.020327378531532835,0.3821525554507909,0.01772819439517514,0.35769230769230764,0.039877771833322535,0.3176087202557791,0.02113830849055833,0.33583152565871666,0.024698549537756822
quartile,multinomial_lr,youden,ctx,kaggle+mother_jones,stanford_msa,0.2904191616766467,0.011595758521579095,0.39945316013245524,0.11381984034690934,0.2904191616766467,0.011595758521579095,0.23924597387697064,0.031170002115707925,0.8095238095238095,0.0,0.2361111111111111,0.0,0.3655913978494624,0.0
quartile,multinomial_lr,youden,ctx,kaggle+stanford_msa,mother_jones,0.2318471337579618,0.003488678710223987,0.5144269092436635,0.016458332219505403,0.2318471337579618,0.003488678710223987,0.2261999784735385,0.0025575962434885805,0.1348314606741573,0.0,0.78,0.027386127875258348,0.22989010989010988,0.001203785840670711
quartile,multinomial_lr,youden,ctx,mother_jones+stanford_msa,kaggle,0.33714285714285713,0.019620999543317377,0.43943331907249317,0.1664551615626753,0.33714285714285713,0.019620999543317377,0.2892170940975564,0.03783274056712455,0.5153846153846154,0.22729760487834436,0.24995567438958047,0.00981961464807523,0.3264657513462128,0.05137604948400121
quartile,multinomial_lr,youden,full,kaggle+mother_jones,stanford_msa,0.37005988023952097,0.03772930299885838,0.4583402888020675,0.017626736268171125,0.37005988023952097,0.03772930299885838,0.3675988826599282,0.042729549383530144,0.5857142857142857,0.10045249099870941,0.3463973275369088,0.05639620837556624,0.42816553594146683,0.027850847234604736
quartile,multinomial_lr,youden,full,kaggle+stanford_msa,mother_jones,0.42675159235668786,0.07917071907424238,0.5169310895572221,0.022451342492693087,0.42675159235668786,0.07917071907424238,0.44374211534025354,0.059291583789296144,0.5101123595505619,0.1819739150104328,0.7074564223588801,0.037234228679784195,0.5733200700788921,0.1164498277513652
quartile,multinomial_lr,youden,full,mother_jones+stanford_msa,kaggle,0.36063492063492064,0.025057253664344276,0.37615481488296815,0.014527871131488401,0.36063492063492064,0.025057253664344276,0.34158998447082894,0.03221061060746466,0.49615384615384617,0.08749471666213328,0.29750388769806246,0.01394654976531048,0.3701369902106493,0.03171382558064698
quartile,multinomial_lr,youden_val,ctx,kaggle+mother_jones,stanford_msa,0.237125748502994,0.05756761781932569,0.24501898409194817,0.12133326962024185,0.237125748502994,0.05756761781932569,0.1517000783101584,0.06155758778163046,0.9571428571428571,0.07221786137191953,0.2026323222782568,0.04378500551222541,0.3316769404262657,0.05995303162995828
quartile,multinomial_lr,youden_val,ctx,kaggle+stanford_msa,mother_jones,0.5273885350318471,0.06563909823178725,0.43388774417637366,0.06937729751747933,0.5273885350318471,0.06563909823178725,0.4375829014879306,0.030796375039408203,0.8314606741573034,0.20426583104154883,0.604026460395452,0.051260861652977,0.6847155933725657,0.06365207948564822
quartile,multinomial_lr,youden_val,ctx,mother_jones+stanford_msa,kaggle,0.313015873015873,0.029491362952364673,0.3226098681436022,0.08696562309769815,0.313015873015873,0.029491362952364673,0.261052863009996,0.044841751338906305,0.3961538461538462,0.3141156459860834,0.19991983533744992,0.11224446580274144,0.2557203721687917,0.1508596785108259
quartile,multinomial_lr,youden_val,full,kaggle+mother_jones,stanford_msa,0.3568862275449102,0.043201009545934727,0.45210573037085966,0.03206083675254109,0.3568862275449102,0.043201009545934727,0.30921246699739563,0.08238897993302402,0.49523809523809526,0.1432534186332507,0.3439203866623221,0.037611495232773864,0.3918247961039723,0.041675455289705385
quartile,multinomial_lr,youden_val,full,kaggle+stanford_msa,mother_jones,0.5426751592356688,0.02131617901997644,0.4577297501653435,0.04378177651749485,0.5426751592356688,0.02131617901997644,0.4827232531716882,0.020882328412732666,0.8179775280898877,0.08000441851199055,0.6277633423592182,0.038175175766504636,0.7068525261076408,0.014818405187764625
quartile,multinomial_lr,youden_val,full,mother_jones+stanford_msa,kaggle,0.3657142857142857,0.019620999543317388,0.36837134870173854,0.015844159061160337,0.3657142857142857,0.019620999543317388,0.3449501676612496,0.0165573684483371,0.36153846153846153,0.16676525683599078,0.3314729718525888,0.030574549318454998,0.3332562407259071,0.08055064700963607
quartile,naive_bayes,default,ctx,kaggle+mother_jones,stanford_msa,0.37305389221556884,0.0026779257215566506,0.46298463320459166,0.02720029947056762,0.37305389221556884,0.0026779257215566506,0.33117187885099847,0.0034307867288692743,0.1,0.010647942749999,0.7828571428571429,0.0383325938999964,0.17698653929656968,0.015146617650454513
quartile,naive_bayes,default,ctx,kaggle+stanford_msa,mother_jones,0.18598726114649683,0.0028484942388532484,0.4836539653633635,0.0031939708638780663,0.18598726114649683,0.0028484942388532484,0.1779179264919932,0.00430585523853137,0.13707865168539327,0.005024871859550088,0.8025,0.0055901699437494465,0.23413919413919415,0.007535467176922369
quartile,naive_bayes,default,ctx,mother_jones+stanford_msa,kaggle,0.29904761904761906,0.014090375251537852,0.21528273863301334,0.028761079679587947,0.29904761904761906,0.014090375251537852,0.22331169344881188,0.01282756413591505,0.8653846153846153,0.0,0.25338030851266424,0.0007823117846674192,0.3919878488703247,0.0009359223500182914
quartile,naive_bayes,default,full,kaggle+mother_jones,stanford_msa,0.3772455089820359,0.011976047904191637,0.43644843080509316,0.03375202734722073,0.3772455089820359,0.011976047904191637,0.33172357776947087,0.010194316496854186,0.09523809523809523,0.0,0.8,0.0,0.1702127659574468,0.0
quartile,naive_bayes,default,full,kaggle+stanford_msa,mother_jones,0.4980891719745223,0.00830471643974862,0.47291100593277857,0.058572509962716485,0.4980891719745223,0.00830471643974862,0.44320994206897957,0.016658437055133556,0.750561797752809,0.014649893045399189,0.6429441077979987,0.017666175815843933,0.6923119704021959,0.005677759125040605
quartile,naive_bayes,default,full,mother_jones+stanford_msa,kaggle,0.34476190476190477,0.0017388017698576628,0.33609995655613745,0.035293032375343016,0.34476190476190477,0.0017388017698576628,0.22187084442761168,0.006283251484637821,0.2076923076923077,0.021066252211737163,0.4229450549450549,0.014569124509135268,0.27781502382237433,0.017994876611737255
quartile,naive_bayes,youden,ctx,kaggle+mother_jones,stanford_msa,0.3287425149700599,0.07453225844942254,0.44845392640693305,0.02008376394793761,0.3287425149700599,0.07453225844942254,0.29789663903647445,0.06711326725262635,0.2666666666666667,0.37015961501704797,0.6704181184668989,0.24466966189791678,0.21867214144488614,0.09061978320126249
quartile,naive_bayes,youden,ctx,kaggle+stanford_msa,mother_jones,0.24076433121019108,0.026029065912996873,0.5122065759630072,0.0055027061599104915,0.24076433121019108,0.026029065912996873,0.21486651442205568,0.002853490007543778,0.1348314606741573,0.0,0.8,0.0,0.23076923076923078,0.0
quartile,naive_bayes,youden,ctx,mother_jones+stanford_msa,kaggle,0.30476190476190473,0.015389459864813751,0.26719019147960804,0.050846874586107316,0.30476190476190473,0.015389459864813751,0.25454725531399613,0.026808772418073636,0.6846153846153846,0.01720052290384453,0.25246232640598837,0.0015760812573431676,0.3688669917492028,0.0040891891360755285
quartile,naive_bayes,youden,full,kaggle+mother_jones,stanford_msa,0.36107784431137724,0.01298172658004719,0.4895785123797567,0.04477417253560569,0.36107784431137724,0.01298172658004719,0.33069648203183116,0.01113059296561972,0.09523809523809523,0.0,0.8,0.0,0.1702127659574468,0.0
quartile,naive_bayes,youden,full,kaggle+stanford_msa,mother_jones,0.44203821656050957,0.01598713426498233,0.5177837879759164,0.03500071007243228,0.44203821656050957,0.01598713426498233,0.4555913513820252,0.018821890505531513,0.5191011235955056,0.012308372078767749,0.7633221617092585,0.05922516023741268,0.6172666364205334,0.022921413927888636
quartile,naive_bayes,youden,full,mother_jones+stanford_msa,kaggle,0.326984126984127,0.0107656031478179,0.38368982248744976,0.015767540364168397,0.326984126984127,0.0107656031478179,0.2726577748395793,0.017318198694610792,0.7115384615384615,0.0359774748728264,0.28619947062410217,0.013642978290601744,0.40776959298385285,0.013275566601049343
quartile,naive_bayes,youden_val,ctx,kaggle+mother_jones,stanford_msa,0.3203592814371258,0.0684379009021704,0.4519901231662443,0.031619621847241014,0.3203592814371258,0.0684379009021704,0.2853835584539394,0.05476148767778816,0.33333333333333337,0.35634832254989923,0.5529243841310594,0.26328829101704826,0.2600902302793884,0.09401111352262943
quartile,naive_bayes,youden_val,ctx,kaggle+stanford_msa,mother_jones,0.26369426751592356,0.16951532572904618,0.49935058021992607,0.05001955070691531,0.26369426751592356,0.16951532572904618,0.23329284980891254,0.11682281027499532,0.3033707865168539,0.37061623601057625,0.7476078431372549,0.09861384539532184,0.3314511966284288,0.21710924548312005
quartile,naive_bayes,youden_val,ctx,mother_jones+stanford_msa,kaggle,0.29460317460317464,0.012171612389003685,0.2665849514345938,0.10557217858216045,0.29460317460317464,0.012171612389003685,0.24488164107571736,0.04618184826348855,0.5115384615384615,0.07644079582442993,0.25791261878218397,0.010468234680159732,0.34136189365229985,0.016546974832557498
quartile,naive_bayes,youden_val,full,kaggle+mother_jones,stanford_msa,0.3784431137724551,0.06669997494618779,0.4545268503402006,0.052299453479567944,0.3784431137724551,0.06669997494618779,0.342966150443685,0.06625197305203145,0.26666666666666666,0.2436262331864092,0.5662100840336135,0.2155283962360156,0.2674163296850371,0.10526514270279659
quartile,naive_bayes,youden_val,full,kaggle+stanford_msa,mother_jones,0.49044585987261147,0.015601845495434252,0.4850839775693988,0.0832389580340868,0.49044585987261147,0.015601845495434252,0.4549681400658711,0.029047205224621623,0.7460674157303371,0.055954604934780834,0.643098634419753,0.02621973125396996,0.6890029234245858,0.013399144588193971
quartile,naive_bayes,youden_val,full,mother_jones+stanford_msa,kaggle,0.3403174603174603,0.02192545606327875,0.34820842162504145,0.040033798620901624,0.3403174603174603,0.02192545606327875,0.27358240864520866,0.031102343721981708,0.4692307692307692,0.19873862588867405,0.3162715629508998,0.0624055442141736,0.35877256993640955,0.04534314121945877
rule,decision_tree,default,ctx,kaggle+mother_jones,stanford_msa,0.3856287425149701,0.03607753372788522,0.8227470177288472,0.016647647729176353,0.3856287425149701,0.03607753372788522,0.4797151138353845,0.015728007689201236,0.06666666666666667,0.0,0.14285714285714285,0.0,0.09090909090909091,0.0
rule,decision_tree,default,ctx,kaggle+stanford_msa,mother_jones,0.29936305732484075,0.0,0.15311440152204484,0.0,0.29936305732484075,0.0,0.14860267279698786,0.0,0.0,0.0,0.0,0.0,0.0,0.0
rule,decision_tree,default,ctx,mother_jones+stanford_msa,kaggle,0.39555555555555555,0.031233965399997055,0.7482072154618823,0.027510655584961373,0.39555555555555555,0.031233965399997055,0.48621018338621835,0.03153096211090844,0.22105263157894733,0.2589131342368178,0.28291666666666665,0.1127350938656144,0.15705027932960897,0.006595775933630671
rule,decision_tree,default,full,kaggle+mother_jones,stanford_msa,0.58562874251497,0.08660926817611758,0.7655081068253121,0.010495447367185499,0.58562874251497,0.08660926817611758,0.6453799845358622,0.06324045124926925,0.49333333333333335,0.1977652929892177,0.10423777398511229,0.02739279196152832,0.16671748295277705,0.037392212618956956
rule,decision_tree,default,full,kaggle+stanford_msa,mother_jones,0.24076433121019108,0.10859825914687508,0.2493782475092924,0.1301223271422147,0.24076433121019108,0.10859825914687508,0.18398456758608472,0.12177723805361074,0.3714285714285714,0.21665358411575855,0.07657142857142857,0.05072535090553633,0.1266131621187801,0.08159197603499639
rule,decision_tree,default,full,mother_jones+stanford_msa,kaggle,0.5415873015873016,0.14710783645162295,0.7006604011480372,0.03423560233904569,0.5415873015873016,0.14710783645162295,0.5761818626635626,0.1261293835011895,0.3157894736842105,0.14413751513293846,0.1633963263864359,0.06845742443165508,0.1873048004626952,0.04514933230384406
rule,decision_tree,youden,ctx,kaggle+mother_jones,stanford_msa,0.3856287425149701,0.03607753372788522,0.8227470177288472,0.016647647729176353,0.3856287425149701,0.03607753372788522,0.4797151138353845,0.015728007689201236,0.06666666666666667,0.0,0.14285714285714285,0.0,0.09090909090909091,0.0
rule,decision_tree,youden,ctx,kaggle+stanford_msa,mother_jones,0.09554140127388536,0.0,0.07180081065431385,0.0,0.09554140127388536,0.0,0.026442771665701602,0.0,1.0,0.0,0.09090909090909091,0.0,0.16666666666666666,0.0
rule,decision_tree,youden,ctx,mother_jones+stanford_msa,kaggle,0.3396825396825397,0.041634530313028564,0.7621812027159709,0.022699678813654246,0.3396825396825397,0.041634530313028564,0.42124683180104167,0.04776615873455829,0.28421052631578947,0.2282050883018821,0.13029255319148936,0.11375693804908385,0.12978829237141945,0.022980902759306632
rule,decision_tree,youden,full,kaggle+mother_jones,stanford_msa,0.37065868263473056,0.07762520985149877,0.8189088370993108,0.03271369693135372,0.37065868263473056,0.07762520985149877,0.45194894968521054,0.07594423342581384,0.38666666666666666,0.11925695879998878,0.08231585284789941,0.03713948682717942,0.13176435349076393,0.05208709436458043
rule,decision_tree,youden,full,kaggle+stanford_msa,mother_jones,0.21146496815286625,0.11748096419571516,0.19009394163791388,0.1828194456572392,0.21146496815286625,0.11748096419571516,0.14401096566431806,0.14156454675176766,0.34285714285714286,0.19166296949998196,0.064,0.03577708763999663,0.10786516853932585,0.06029846231460107
rule,decision_tree,youden,full,mother_jones+stanford_msa,kaggle,0.3238095238095238,0.010528967588429833,0.7831018253968857,0.005287496652246692,0.3238095238095238,0.010528967588429833,0.37972763740563653,0.00488859480217304,0.22105263157894733,0.16809178339654013,0.1513157894736842,0.09233992662906709,0.16587622903412375,0.09289117501429016
rule,decision_tree,youden_val,ctx,kaggle+mother_jones,stanford_msa,0.38502994011976044,0.033913050873399075,0.8185631092855388,0.010392693102779486,0.38502994011976044,0.033913050873399075,0.4863625331663991,0.02598958910243383,0.05333333333333333,0.029814239699997195,0.11428571428571428,0.06388765649999399,0.07272727272727272,0.040655781409087086
rule,decision_tree,youden_val,ctx,kaggle+stanford_msa,mother_jones,0.12738853503184713,0.0,0.016331863465621425,0.0,0.12738853503184713,0.0,0.02895193977996525,0.0,0.0,0.0,0.0,0.0,0.0,0.0
rule,decision_tree,youden_val,ctx,mother_jones+stanford_msa,kaggle,0.2907936507936508,0.025946433957717535,0.7545187377016542,0.006730031599522182,0.2907936507936508,0.025946433957717535,0.3725754714239682,0.025356448994473996,0.042105263157894736,0.057655006053175376,0.017303267372296365,0.024013095311302333,0.024444444444444442,0.03370166864022911
rule,decision_tree,youden_val,full,kaggle+mother_jones,stanford_msa,0.4203592814371257,0.10537901420356614,0.7985594420531201,0.03460370354501693,0.4203592814371257,0.10537901420356614,0.5023022654661233,0.10042541958229884,0.4133333333333333,0.22310934040908678,0.08984627294846273,0.030442548268491382,0.14437593984962407,0.04927404854205203
rule,decision_tree,youden_val,full,kaggle+stanford_msa,mother_jones,0.19490445859872613,0.06613170625435624,0.10730704122223578,0.06832422200619319,0.19490445859872613,0.06613170625435624,0.11714826935783795,0.06107573763317065,0.4,0.24011051877102302,0.07459900238559966,0.04738918226949206,0.1243566213474446,0.07609294221198884
rule,decision_tree,youden_val,full,mother_jones+stanford_msa,kaggle,0.31873015873015875,0.018861524796841837,0.7819036491497654,0.01481171080385969,0.31873015873015875,0.018861524796841837,0.3767975314191154,0.004704945501328663,0.28421052631578947,0.3192789660653284,0.07784868177116874,0.0871581665630291,0.10338460047956984,0.09794245552890604
rule,multinomial_lr,default,ctx,kaggle+mother_jones,stanford_msa,0.44491017964071855,0.007807428030182806,0.8300312888587088,0.002452523702225053,0.44491017964071855,0.007807428030182806,0.5538017181048417,0.0050348987963081395,0.10666666666666666,0.03651483716701107,0.14486215538847116,0.02513460849691246,0.11915230738760149,0.028631896069617975
rule,multinomial_lr,default,ctx,kaggle+stanford_msa,mother_jones,0.24331210191082803,0.046018832785193475,0.21841247868234123,0.12533017287023324,0.24331210191082803,0.046018832785193475,0.17006249090491207,0.027215083618497334,0.32857142857142857,0.2453652005331095,0.1684848484848485,0.13197656802903915,0.18734632683658173,0.11029458311137734
rule,multinomial_lr,default,ctx,mother_jones+stanford_msa,kaggle,0.446984126984127,0.04049330481630058,0.753209750375082,0.012222307891116802,0.446984126984127,0.04049330481630058,0.5346901545437743,0.04058402299215687,0.3684210526315789,0.0,0.10301136363636362,0.008789082826346259,0.16084129745362913,0.010995244627706091
rule,multinomial_lr,default,full,kaggle+mother_jones,stanford_msa,0.6419161676646706,0.06683423429087455,0.7653605048678997,0.017296198599216973,0.6419161676646706,0.06683423429087455,0.6814459896988513,0.04203527898974258,0.05333333333333333,0.029814239699997195,0.07913419913419913,0.059744494485706984,0.06155867121384363,0.03619665575933445
rule,multinomial_lr,default,full,kaggle+stanford_msa,mother_jones,0.28280254777070063,0.009659713941466941,0.4121086070875083,0.007352609601835072,0.28280254777070063,0.009659713941466941,0.22794752485466452,0.016799673211569433,0.27142857142857146,0.1373956004405096,0.21606288448393712,0.03351822763270977,0.2281904761904762,0.044762306431535344
rule,multinomial_lr,default,full,mother_jones+stanford_msa,kaggle,0.5631746031746031,0.009681238528239273,0.7558522912854093,0.003733694587619951,0.5631746031746031,0.009681238528239273,0.62989010534321,0.008139580972464491,0.3894736842105263,0.06000923289995462,0.1477375580502432,0.013640669287410843,0.21354031475770605,0.020337866438472074
rule,multinomial_lr,youden,ctx,kaggle+mother_jones,stanford_msa,0.4407185628742515,0.012050665747004849,0.8230639322658057,0.015058475446608521,0.4407185628742515,0.012050665747004849,0.5480845488341772,0.012388672572313308,0.29333333333333333,0.14605934866804432,0.09953931506726538,0.0376050669656292,0.13392931326494745,0.010131822103031795
rule,multinomial_lr,youden,ctx,kaggle+stanford_msa,mother_jones,0.3248407643312102,0.08206432310016004,0.18489427415103438,0.08125887325753725,0.3248407643312102,0.08206432310016004,0.1957578612584947,0.10046666841203915,0.11428571428571428,0.16444092047459055,0.09696969696969697,0.14752316902591617,0.09472710453283997,0.13082064156612475
rule,multinomial_lr,youden,ctx,mother_jones+stanford_msa,kaggle,0.36444444444444446,0.00413917613028741,0.7739839548051457,0.00040377413568176256,0.36444444444444446,0.00413917613028741,0.4559341870723335,0.0016253054515460719,0.43157894736842106,0.05765500605317536,0.08642857142857144,0.0009780759955449363,0.14366243075920496,0.0020523979834830407
rule,multinomial_lr,youden,full,kaggle+mother_jones,stanford_msa,0.4862275449101796,0.013817941028999185,0.8297027720470836,0.011799132143846633,0.4862275449101796,0.013817941028999185,0.5754820245030144,0.00910015571038396,0.27999999999999997,0.08692269873603532,0.09958693077708126,0.023829315351464205,0.14562955745221756,0.03584088796569614
rule,multinomial_lr,youden,full,kaggle+stanford_msa,mother_jones,0.3184713375796178,0.01623891564838466,0.4512222559614699,0.02259781351585563,0.3184713375796178,0.01623891564838466,0.3169755266790171,0.015302891560830985,0.4714285714285714,0.12975644374703538,0.22796040310875978,0.05360329884834658,0.29386016776023266,0.02760777499670303
rule,multinomial_lr,youden,full,mother_jones+stanford_msa,kaggle,0.5257142857142857,0.04286302134874957,0.7599308389651758,0.015043387899815611,0.5257142857142857,0.04286302134874957,0.5968287452664497,0.03417176126267775,0.4,0.10259783520851545,0.1417933917933918,0.010935772334733099,0.2074331422537475,0.016799479916961554
rule,multinomial_lr,youden_val,ctx,kaggle+mother_jones,stanford_msa,0.4712574850299401,0.02797439192047444,0.8309812589568353,0.005802573226315988,0.4712574850299401,0.02797439192047444,0.5527286749753304,0.015726315142296814,0.05333333333333333,0.07302967433402215,0.04583333333333333,0.07276770498572076,0.04665090622537431,0.06765618036292666
rule,multinomial_lr,youden_val,ctx,kaggle+stanford_msa,mother_jones,0.20636942675159237,0.05263937200355258,0.15793667498892655,0.07267609635271816,0.20636942675159237,0.05263937200355258,0.1284061223861658,0.03592570141643766,0.21428571428571427,0.22015764296317772,0.1163682864450128,0.13722378958271286,0.12757551946918108,0.12096414345682825
rule,multinomial_lr,youden_val,ctx,mother_jones+stanford_msa,kaggle,0.36698412698412697,0.014991389146816001,0.7747746443476282,0.011869799453841217,0.36698412698412697,0.014991389146816001,0.452402523114806,0.011676314729665384,0.25263157894736843,0.16392012107786777,0.13647860593512767,0.11005103558975612,0.13336270539496348,0.024682982160168326
rule,multinomial_lr,youden_val,full,kaggle+mother_jones,stanford_msa,0.6095808383233533,0.06561601126568568,0.7861364207362873,0.021312089135225854,0.6095808383233533,0.06561601126568566,0.6668979239505918,0.046295141274016745,0.09333333333333334,0.0760116950066092,0.06866351138156412,0.04609731947185662,0.07772727272727273,0.05506799370061709
rule,multinomial_lr,youden_val,full,kaggle+stanford_msa,mother_jones,0.25605095541401274,0.02400183908460735,0.28691909838031693,0.13554191788466796,0.25605095541401274,0.02400183908460735,0.17949555351648905,0.015240721312498023,0.42857142857142855,0.14285714285714288,0.16829804998922646,0.03208405470716253,0.23275629722632635,0.039040289701978745
rule,multinomial_lr,youden_val,full,mother_jones+stanford_msa,kaggle,0.4946031746031746,0.04996345351177077,0.7652135900920458,0.017735972307923037,0.4946031746031746,0.04996345351177077,0.5645777466098734,0.04916323385498599,0.3684210526315789,0.16222142113076254,0.15454486474972945,0.04082851788569208,0.20411743111552583,0.028894325908165517
rule,naive_bayes,default,ctx,kaggle+mother_jones,stanford_msa,0.12994011976047903,0.0016398878967220705,0.8218406477089111,0.001325635208865334,0.12994011976047903,0.0016398878967220705,0.15901504328335664,0.0006067063462533751,0.96,0.036514837167011045,0.06305916305916306,0.011460284392243737,0.1180823915421072,0.02001793160404408
rule,naive_bayes,default,ctx,kaggle+stanford_msa,mother_jones,0.09554140127388536,0.0,0.033227501949412985,0.0011578479478305688,0.09554140127388536,0.0,0.026462399541937902,0.0025471114754196506,0.9857142857142858,0.03194382824999699,0.0921032199132222,0.0013685001552179589,0.16846197827329903,0.002761524774956869
rule,naive_bayes,default,ctx,mother_jones+stanford_msa,kaggle,0.12698412698412698,0.0,0.7490423280423281,0.0,0.12698412698412698,0.0,0.14790050005523633,0.0,0.2631578947368421,0.0,0.043859649122807015,0.0,0.07518796992481203,0.0
rule,naive_bayes,default,full,kaggle+mother_jones,stanford_msa,0.3077844311377246,0.16070901387876133,0.8162532179173315,0.0064262374344062935,0.3077844311377246,0.16070901387876133,0.3792905309310143,0.20047638273720106,0.96,0.036514837167011045,0.06305916305916306,0.011460284392243737,0.1180823915421072,0.02001793160404408
rule,naive_bayes,default,full,kaggle+stanford_msa,mother_jones,0.11082802547770701,0.003488678710223987,0.11230021331689466,0.01578863498398904,0.11082802547770701,0.003488678710223987,0.06990770320356085,0.005196821253615117,0.7857142857142857,0.0,0.09259364762854294,0.0003503311173977728,0.16566416040100249,0.0005604180394736297
rule,naive_bayes,default,full,mother_jones+stanford_msa,kaggle,0.16507936507936508,0.031983240761285545,0.7576032078905695,0.0067595072944869215,0.16507936507936508,0.031983240761285545,0.19393251841210046,0.047919127913827846,0.5263157894736842,0.1341847240419154,0.05381778594297106,0.009012936986343274,0.09758157380923224,0.017020978851296952
rule,naive_bayes,youden,ctx,kaggle+mother_jones,stanford_msa,0.1275449101796407,0.004540643978473988,0.8214972464089982,0.0005340263662651125,0.1275449101796407,0.004540643978473988,0.15950049932641588,0.0009171137076765436,0.5466666666666666,0.19663841605003501,0.06003241387030188,0.018482518449978096,0.10678926894895033,0.031314524095772935
rule,naive_bayes,youden,ctx,kaggle+stanford_msa,mother_jones,0.31719745222929935,0.08679731671902247,0.178073957386015,0.0828026077111201,0.31719745222929935,0.08679731671902247,0.21083830741256526,0.08798266142379309,0.12857142857142856,0.11736911946539273,0.1933333333333333,0.17701224063135668,0.15434782608695652,0.14096950292933458
rule,naive_bayes,youden,ctx,mother_jones+stanford_msa,kaggle,0.13206349206349205,0.0028394513999997323,0.7499914527703033,0.0003322963936502393,0.13206349206349205,0.0028394513999997323,0.149611397326496,0.000582022186789955,0.5578947368421052,0.10259783520851541,0.057836293974225,0.0027597885146871024,0.1046922028665443,0.006160146596083941
rule,naive_bayes,youden,full,kaggle+mother_jones,stanford_msa,0.41497005988023955,0.045337290374771,0.843699460588178,0.04266606165416263,0.41497005988023955,0.045337290374770974,0.5153042970992807,0.04529167358459896,0.5599999999999999,0.23851391759997756,0.06933667413821062,0.019490503975704586,0.12266790273321124,0.03657688472615377
rule,naive_bayes,youden,full,kaggle+stanford_msa,mother_jones,0.1872611464968153,0.04018295616710193,0.25039644962478913,0.16033880029927883,0.1872611464968153,0.04018295616710193,0.14581210560913793,0.02301109055136686,0.41428571428571426,0.11736911946539276,0.15246838025295797,0.03261906056368134,0.21371579591968287,0.02684784413526979
rule,naive_bayes,youden,full,mother_jones+stanford_msa,kaggle,0.37777777777777777,0.13148760272338245,0.7697569113174317,0.00977016993512013,0.37777777777777777,0.13148760272338245,0.4514068902273197,0.16470553932927776,0.28421052631578947,0.2824506918947103,0.12627329192546582,0.03485020051902421,0.14343704488282802,0.013432870131596565
rule,naive_bayes,youden_val,ctx,kaggle+mother_jones,stanford_msa,0.3197604790419162,0.17356749923338846,0.8239365099936785,0.003882426492805227,0.3197604790419162,0.17356749923338846,0.39320917459119675,0.20958865654739667,0.3466666666666667,0.4038701661562923,0.05982467532467532,0.0520766853012451,0.07051343960514907,0.03990322306186746
rule,naive_bayes,youden_val,ctx,kaggle+stanford_msa,mother_jones,0.15796178343949047,0.08691408969893344,0.06741485290150243,0.05519411452699898,0.15796178343949047,0.08691408969893344,0.0773832107937519,0.06900891748875904,0.6714285714285715,0.3484660262185848,0.15609860191317143,0.10177198514799067,0.20316563135226975,0.038674614480007065
rule,naive_bayes,youden_val,ctx,mother_jones+stanford_msa,kaggle,0.26095238095238094,0.11830242961413645,0.7589611863192911,0.009954802865674376,0.26095238095238094,0.11830242961413645,0.32393295017478135,0.15611773918464233,0.2947368421052632,0.24854145164458094,0.05406592378111199,0.036191958311777704,0.0878246793811781,0.057842511667500436
rule,naive_bayes,youden_val,full,kaggle+mother_jones,stanford_msa,0.40059880239520956,0.1479447930889905,0.8220360350177334,0.008058252348399436,0.40059880239520956,0.1479447930889905,0.4859411194583868,0.17570765946265526,0.42666666666666664,0.4125799585804214,0.05551359314316325,0.036044596776946505,0.09233494971624881,0.0603386761551077
rule,naive_bayes,youden_val,full,kaggle+stanford_msa,mother_jones,0.14012738853503187,0.0363113192706732,0.10503124342623356,0.005593410886826142,0.14012738853503187,0.0363113192706732,0.09349537367519024,0.0272158047159359,0.6857142857142857,0.11952286093343935,0.09894692547683151,0.013150513988723935,0.1722951538342287,0.021527020910127564
rule,naive_bayes,youden_val,full,mother_jones+stanford_msa,kaggle,0.39174603174603173,0.04603721916012062,0.7833765414203643,0.02218299892608705,0.39174603174603173,0.04603721916012062,0.48074401665595473,0.04923318032491753,0.14736842105263157,0.14604670447906953,0.1684400566753508,0.1940674469656614,0.09796511185222409,0.0582447481992535
std,decision_tree,default,ctx,kaggle+mother_jones,stanford_msa,0.1754491017964072,0.16959961329133508,0.705731880695948,0.405394793149085,0.1754491017964072,0.16959961329133508,0.22718024619595217,0.24800859959338148,0.9555555555555555,0.060858061945018485,0.033782713970951596,0.008195056486864017,0.06515405480595354,0.01525336820680082
std,decision_tree,default,ctx,kaggle+stanford_msa,mother_jones,0.11847133757961784,0.003488678710223987,0.04826948696058852,0.004457014002700007,0.11847133757961784,0.003488678710223987,0.06047834335313457,0.00020542381906883664,0.42608695652173917,0.07144207271806516,0.28897560975609754,0.028321263949047618,0.3395833333333333,0.005705443307345501
std,decision_tree,default,ctx,mother_jones+stanford_msa,kaggle,0.42603174603174604,0.0034776035397153255,0.9115903042684043,0.001570804358485617,0.42603174603174604,0.0034776035397153255,0.5524370989058216,0.0025742733251269013,0.43636363636363634,0.39834367818557537,0.035036496350364967,0.03198379897840386,0.06486486486486487,0.059213249460017964
std,decision_tree,default,full,kaggle+mother_jones,stanford_msa,0.6023952095808383,0.3167602412708991,0.7627718967326012,0.4252079159552477,0.6023952095808383,0.31676024127089913,0.657435794878394,0.3653405867537395,0.8666666666666666,0.04969039949999529,0.11650797359658857,0.04881994663043811,0.202003736132998,0.08141199748708154
std,decision_tree,default,full,kaggle+stanford_msa,mother_jones,0.48280254777070064,0.035002883220469,0.7078017222215587,0.0024774855113405404,0.48280254777070064,0.035002883220469,0.5257009563465129,0.03485029827987422,0.7304347826086957,0.019444069369563357,0.2732387818274915,0.010495640015649297,0.39744288857360227,0.0081123982165219
std,decision_tree,default,full,mother_jones+stanford_msa,kaggle,0.6717460317460318,0.0028394513999997623,0.9260102588342061,0.0020881686840001543,0.6717460317460316,0.002839451399999734,0.7590804412840091,0.002170913849927824,0.8363636363636363,0.04065578140908705,0.11819785153118487,0.0029398360454542687,0.20711462450592885,0.0057448386773709895
std,decision_tree,youden,ctx,kaggle+mother_jones,stanford_msa,0.18502994011976048,0.15400110316338236,0.8875160666204918,0.09777987803345731,0.18502994011976048,0.15400110316338236,0.2511920433127053,0.22377907976191547,0.48888888888888893,0.44859176084858554,0.015543829705398032,0.014189816560137042,0.03012658227848101,0.02750289492562879
std,decision_tree,youden,ctx,kaggle+stanford_msa,mother_jones,0.1592356687898089,0.0,0.036575036316906916,0.0,0.1592356687898089,0.0,0.05948645109745001,0.0,0.9130434782608695,0.0,0.21000000000000002,0.0,0.34146341463414637,0.0
std,decision_tree,youden,ctx,mother_jones+stanford_msa,kaggle,0.4222222222222222,0.0,0.9098636775435154,5.382984202523699e-06,0.4222222222222222,0.0,0.5496065949324606,9.611467069529768e-06,0.0,0.0,0.0,0.0,0.0,0.0
std,decision_tree,youden,full,kaggle+mother_jones,stanford_msa,0.6778443113772454,0.09570540873354823,0.9516761327232512,0.004755289205158913,0.6778443113772454,0.0957054087335482,0.771893234612544,0.07452107679986815,0.6888888888888889,0.38809442659051063,0.11062562065541211,0.06194533211595187,0.1906158357771261,0.10680017473048962
std,decision_tree,youden,full,kaggle+stanford_msa,mother_jones,0.4853503184713376,0.03670028099589282,0.7087076755441475,0.003368395463920842,0.4853503184713376,0.03670028099589282,0.528188215728197,0.03651201044494233,0.7304347826086957,0.019444069369563357,0.2732387818274915,0.010495640015649297,0.39744288857360227,0.0081123982165219
std,decision_tree,youden,full,mother_jones+stanford_msa,kaggle,0.6717460317460318,0.0028394513999997623,0.9260102588342061,0.0020881686840001543,0.6717460317460316,0.002839451399999734,0.7590804412840091,0.002170913849927824,0.8363636363636363,0.04065578140908705,0.11819785153118487,0.0029398360454542687,0.20711462450592885,0.0057448386773709895
std,decision_tree,youden_val,ctx,kaggle+mother_jones,stanford_msa,0.3131736526946108,0.12593726921016052,0.9416267737374545,0.017230067044479883,0.3131736526946108,0.12593726921016052,0.43184957300943105,0.1742865310567831,0.37777777777777777,0.5187830013301667,0.01382798235550744,0.01934887366834193,0.026634615384615385,0.03719613077956381
std,decision_tree,youden_val,ctx,kaggle+stanford_msa,mother_jones,0.12101910828025478,0.02340276824315138,0.14173672658213454,0.21200841843038246,0.12101910828025478,0.02340276824315138,0.055674833191362925,0.010027372432679593,0.41739130434782606,0.32911636291783586,0.22365853658536583,0.13300870157111808,0.2703760162601626,0.15121805233854738
std,decision_tree,youden_val,ctx,mother_jones+stanford_msa,kaggle,0.42666666666666664,0.006582997255024685,0.91365148555835,0.011996705909116768,0.42666666666666664,0.006582997255024685,0.5544320722751237,0.005958631788663257,0.01818181818181818,0.040655781409087086,0.1,0.223606797749979,0.03076923076923077,0.06880209161537815
std,decision_tree,youden_val,full,kaggle+mother_jones,stanford_msa,0.6041916167664672,0.17144999857551987,0.9441463571614452,0.010044994542258073,0.604191616766467,0.17144999857551987,0.7070890038174051,0.15594933458572455,0.5333333333333333,0.44025806124797656,0.1086327424513105,0.09411804295004272,0.1344847379592813,0.08858210863371274
std,decision_tree,youden_val,full,kaggle+stanford_msa,mother_jones,0.46878980891719746,0.0753102229495921,0.7111032537731182,0.022718439463054383,0.46878980891719746,0.0753102229495921,0.5261208285445982,0.06234455493565097,0.4521739130434782,0.28277587028711476,0.32739883427383426,0.16430425596354198,0.32901484760934785,0.1494110687004706
std,decision_tree,youden_val,full,mother_jones+stanford_msa,kaggle,0.5758730158730159,0.19784171811592144,0.9268608846931004,0.006883373145639726,0.5758730158730158,0.1978417181159214,0.6624908106350188,0.2107330435880167,0.5272727272727272,0.44721359549995787,0.07494568577232183,0.04722190662697989,0.11707809099113446,0.0793771126920015
std,multinomial_lr,default,ctx,kaggle+mother_jones,stanford_msa,0.5023952095808383,0.0032797757934441003,0.9548099652892799,0.00026051110148896453,0.5023952095808383,0.0032797757934441003,0.6362503070644309,0.003046551484663655,0.9555555555555555,0.060858061945018485,0.05646798981144332,0.002564152708535014,0.10663261301523001,0.004947441511258686
std,multinomial_lr,default,ctx,kaggle+stanford_msa,mother_jones,0.16687898089171976,0.017090965433119422,0.7990217193213542,0.045892579491715914,0.16687898089171976,0.017090965433119422,0.14268905260892112,0.03555757272682787,0.5130434782608695,0.01944406936956337,0.3028963414634146,0.022837889404342372,0.38,0.011180339887498959
std,multinomial_lr,default,ctx,mother_jones+stanford_msa,kaggle,0.45777777777777773,0.001419725699999867,0.9151972095669667,0.0032076458687707835,0.45777777777777773,0.001419725699999867,0.5871812715141592,0.0009794311183067626,0.38181818181818183,0.04065578140908708,0.06246707638279192,0.006184033475965179,0.10736773774748458,0.01074125480915187
std,multinomial_lr,default,full,kaggle+mother_jones,stanford_msa,0.8155688622754491,0.01753479097526502,0.9518822189048693,0.0010184831271528344,0.8155688622754491,0.01753479097526502,0.868714910879895,0.011272344842182178,0.888888888888889,0.0,0.1392436612263542,0.012177277418274264,0.24059885320159294,0.01814682661825971
std,multinomial_lr,default,full,kaggle+stanford_msa,mother_jones,0.26878980891719745,0.010466036130671963,0.7540675175886948,0.003792692271270768,0.26878980891719745,0.010466036130671963,0.3188689230308945,0.013781790751414806,0.42608695652173917,0.01944406936956337,0.4431037078863166,0.028285937202221476,0.4338087651030017,0.016348493469870478
std,multinomial_lr,default,full,mother_jones+stanford_msa,kaggle,0.7403174603174604,0.00413917613028743,0.9172980457712712,0.0023979916255101852,0.7403174603174603,0.0041391761302874,0.8068400951482113,0.002847137015015346,0.32727272727272727,0.04979295977319694,0.16205533596837945,0.023674206621958387,0.21675579322638144,0.032026088672336125
std,multinomial_lr,youden,ctx,kaggle+mother_jones,stanford_msa,0.5083832335329341,0.003279775793444071,0.9552718361032602,4.4404924647724466e-05,0.5083832335329341,0.003279775793444071,0.6425125780925347,0.002934073257568281,0.5777777777777777,0.049690399499995284,0.08486700851246558,0.0036521838491892097,0.14796638655462185,0.00704740973980336
std,multinomial_lr,youden,ctx,kaggle+stanford_msa,mother_jones,0.1745222929936306,0.020932072261343946,0.7784979338400964,0.05620670136740991,0.1745222929936306,0.020932072261343946,0.15859088255533704,0.04354895483631587,0.5043478260869565,0.023814024239355035,0.313109756097561,0.027970587921376643,0.385,0.013693063937629165
std,multinomial_lr,youden,ctx,mother_jones+stanford_msa,kaggle,0.4603174603174603,0.0,0.9209352209352207,0.0,0.4603174603174603,0.0,0.5889333311620093,0.0,0.4545454545454545,0.0,0.07352941176470588,0.0,0.12658227848101267,0.0
std,multinomial_lr,youden,full,kaggle+mother_jones,stanford_msa,0.7532934131736526,0.02286060978301926,0.9543325920576284,0.0007232654596774289,0.7532934131736527,0.022860609783019292,0.8295034103919404,0.015956303184878222,0.7333333333333333,0.12668615834434865,0.17065146321044686,0.014438900544182419,0.27504451575329647,0.017469545336457646
std,multinomial_lr,youden,full,kaggle+stanford_msa,mother_jones,0.4535031847133758,0.04879995238058076,0.7556261081524223,0.009274494992182391,0.4535031847133758,0.04879995238058076,0.5217753037614784,0.04407064686517053,0.5913043478260869,0.023814024239355087,0.40099133224133227,0.022738079621146327,0.4774693667914007,0.01817475184884028
std,multinomial_lr,youden,full,mother_jones+stanford_msa,kaggle,0.7098412698412698,0.010432810619146023,0.9166044283101492,0.0007029430943708071,0.7098412698412698,0.010432810619146013,0.7872133401125382,0.007534561165875824,0.36363636363636365,0.0,0.1071745607853319,0.010248364328228962,0.16534194163373495,0.012241760338351265
std,multinomial_lr,youden_val,ctx,kaggle+mother_jones,stanford_msa,0.4820359281437126,0.03781236808477573,0.9548033737206735,0.0004202469209185384,0.4820359281437126,0.03781236808477573,0.6170474318257073,0.036485781838652184,0.9111111111111111,0.1448711645600589,0.06203754236701944,0.018015777358600788,0.11486627094737896,0.028288097058614833
std,multinomial_lr,youden_val,ctx,kaggle+stanford_msa,mother_jones,0.18471337579617836,0.04053478363489763,0.7427437920090576,0.06813486795501077,0.18471337579617836,0.04053478363489763,0.15829126095688018,0.04227248795500053,0.6086956521739131,0.3268107908341936,0.2512684858183424,0.07147464069955013,0.3216962587190869,0.08540138902952543
std,multinomial_lr,youden_val,ctx,mother_jones+stanford_msa,kaggle,0.486984126984127,0.038659837278402276,0.9124597052814274,0.007241637257029957,0.486984126984127,0.038659837278402276,0.6106795375777929,0.034838609228420796,0.6,0.18851310321207018,0.06200396415457761,0.00616807860741571,0.11163509153209565,0.012087941452535748
std,multinomial_lr,youden_val,full,kaggle+mother_jones,stanford_msa,0.7562874251497006,0.06239480731305728,0.9500103826172349,0.0023148724535249437,0.7562874251497006,0.062394807313057306,0.8289323149810484,0.04283756799346679,0.8,0.38809442659051063,0.14628234523419587,0.06003173903838284,0.20160441426146009,0.03544330309496672
std,multinomial_lr,youden_val,full,kaggle+stanford_msa,mother_jones,0.24968152866242038,0.044676886412102365,0.7591948230000762,0.06024256527107285,0.24968152866242038,0.044676886412102365,0.28371442811410236,0.06775454168843138,0.4434782608695652,0.13541227393389077,0.47080778870252554,0.09592268347776282,0.43858845212228675,0.056231183445881024
std,multinomial_lr,youden_val,full,mother_jones+stanford_msa,kaggle,0.6996825396825397,0.08132810411550499,0.9151708460291935,0.002938935408281189,0.6996825396825397,0.08132810411550499,0.7769249585247064,0.05898174448889398,0.3090909090909091,0.08131156281817417,0.11470969914905842,0.04438531391382531,0.16448461202662884,0.053199345903210286
std,naive_bayes,default,ctx,kaggle+mother_jones,stanford_msa,0.11377245508982034,0.0,0.9545264151499955,0.0,0.11377245508982034,0.0,0.16748551267220077,0.0,0.11111111111111112,0.0,0.07142857142857142,0.0,0.08695652173913043,0.0
std,naive_bayes,default,ctx,kaggle+stanford_msa,mother_jones,0.09554140127388536,0.0,0.7986261518153508,0.0,0.09554140127388536,0.0,0.041292969870509476,0.0,0.08695652173913043,0.0,0.14285714285714285,0.0,0.10810810810810811,0.0
std,naive_bayes,default,ctx,mother_jones+stanford_msa,kaggle,0.44761904761904764,0.0,0.9143944517378102,0.0,0.44761904761904764,0.0,0.5747145469479474,0.0,0.09090909090909091,0.0,0.09090909090909091,0.0,0.09090909090909091,0.0
std,naive_bayes,default,full,kaggle+mother_jones,stanford_msa,0.11377245508982034,0.0,0.9545264151499955,0.0,0.11377245508982034,0.0,0.16748551267220077,0.0,0.11111111111111112,0.0,0.07142857142857142,0.0,0.08695652173913043,0.0
std,naive_bayes,default,full,kaggle+stanford_msa,mother_jones,0.17070063694267515,0.002848494238853235,0.6938177957923182,0.003368560232461986,0.17070063694267515,0.002848494238853235,0.17794548063647456,0.004660790384825972,0.043478260869565216,0.0,0.08939393939393939,0.003387981784090594,0.0584873949579832,0.0007516194882352239
std,naive_bayes,default,full,mother_jones+stanford_msa,kaggle,0.44761904761904764,0.0,0.9139302186150076,0.0,0.44761904761904764,0.0,0.5744926348212733,0.0,0.09090909090909091,0.0,0.07692307692307693,0.0,0.08333333333333333,0.0
std,naive_bayes,youden,ctx,kaggle+mother_jones,stanford_msa,0.11616766467065869,0.0032797757934441107,0.9545000974730634,0.0005391274029929879,0.11616766467065869,0.0032797757934441107,0.16822046373720767,0.0005398994515906236,0.4222222222222222,0.14487116456005888,0.07348713589288693,0.0199450120704417,0.1202914075006725,0.02001762697171428
std,naive_bayes,youden,ctx,kaggle+stanford_msa,mother_jones,0.12738853503184713,0.0,0.8155678789979375,0.0,0.12738853503184713,0.0,0.07204362870012203,0.0,0.43478260869565216,0.0,0.2631578947368421,0.0,0.32786885245901637,0.0
std,naive_bayes,youden,ctx,mother_jones+stanford_msa,kaggle,0.4463492063492064,0.0017388017698576996,0.9132675050968941,0.0002160342306471164,0.4463492063492064,0.0017388017698576996,0.5749630178006806,0.00038248969298780073,0.4545454545454545,0.11134044285378082,0.05859212183671132,0.0023232992348547364,0.1034091887336012,0.005345390171209729
std,naive_bayes,youden,full,kaggle+mother_jones,stanford_msa,0.19820359281437128,0.11157265068399098,0.9542894518407646,0.0005317825789952542,0.19820359281437128,0.11157265068399098,0.28049972819789615,0.15420441055803386,0.5555555555555556,0.24845199749997662,0.06395554960503415,0.020580108055103963,0.11395415522458925,0.03945455232196094
std,naive_bayes,youden,full,kaggle+stanford_msa,mother_jones,0.28662420382165604,0.026261819271450063,0.7143715825730823,0.01462913310995819,0.28662420382165604,0.026261819271450063,0.2959471563221232,0.039633569707580134,0.7304347826086957,0.04762804847871014,0.290062384488614,0.008580018791254513,0.4147788919940819,0.00892017168029845
std,naive_bayes,youden,full,mother_jones+stanford_msa,kaggle,0.5555555555555556,0.0031746031746031633,0.9152337412931738,0.0007141774836644199,0.5555555555555556,0.0031746031746032093,0.6717560209834473,0.002205055142250175,0.7272727272727273,0.0,0.06462774849097738,0.0007713857403692226,0.11870581903184926,0.001301615563756763
std,naive_bayes,youden_val,ctx,kaggle+mother_jones,stanford_msa,0.17904191616766468,0.1325573232170534,0.9539489607852119,0.0004352511134874241,0.17904191616766468,0.1325573232170534,0.2458725387551656,0.17518170600402613,0.8,0.27666443551086073,0.05680906186186809,0.012450004376779698,0.10469259651667726,0.019634460060533866
std,naive_bayes,youden_val,ctx,kaggle+stanford_msa,mother_jones,0.1681528662420382,0.008545482716559704,0.7266948466162569,0.07975944887918547,0.1681528662420382,0.008545482716559704,0.13396832741279752,0.038828137286672226,0.5826086956521739,0.20986988497647252,0.290245268839243,0.04271655084299277,0.3729862068965517,0.011879187727709102
std,naive_bayes,youden_val,ctx,mother_jones+stanford_msa,kaggle,0.4526984126984127,0.010671578612045457,0.9087400244845828,0.004002420114886892,0.4526984126984127,0.010671578612045457,0.581500683602366,0.006559998031396989,0.09090909090909091,0.11134044285378081,0.03145299145299145,0.03499919120779501,0.041691416329908956,0.04157531353320914
std,naive_bayes,youden_val,full,kaggle+mother_jones,stanford_msa,0.2784431137724551,0.11010883561936101,0.9540348841951365,0.0006592042750553393,0.2784431137724551,0.11010883561936101,0.38869922454664924,0.145804554027101,0.5111111111111111,0.3896817314833373,0.048435940164466146,0.027896603958544073,0.08789307019073714,0.052832761639605555
std,naive_bayes,youden_val,full,kaggle+stanford_msa,mother_jones,0.2624203821656051,0.04305845549338998,0.6861752422014125,0.041415104934390726,0.2624203821656051,0.04305845549338998,0.29519029060480984,0.06377087089461203,0.391304347826087,0.21520641166547105,0.2804264671498714,0.058736082389132145,0.2926108423167247,0.12385940327798052
std,naive_bayes,youden_val,full,mother_jones+stanford_msa,kaggle,0.4901587301587302,0.059670718180810066,0.9084110711635749,0.0036884178524122947,0.4901587301587302,0.059670718180810066,0.6091322330468738,0.04943823203036308,0.2727272727272727,0.28020063649858984,0.04145816896057976,0.0398309646711826,0.0718073593073593,0.06945605073454533
